-- phpMyAdmin SQL Dump
-- version 5.2.1
-- https://www.phpmyadmin.net/
--
-- Host: 127.0.0.1
-- Waktu pembuatan: 11 Feb 2024 pada 19.57
-- Versi server: 10.4.32-MariaDB
-- Versi PHP: 8.0.30

SET SQL_MODE = "NO_AUTO_VALUE_ON_ZERO";
START TRANSACTION;
SET time_zone = "+00:00";


/*!40101 SET @OLD_CHARACTER_SET_CLIENT=@@CHARACTER_SET_CLIENT */;
/*!40101 SET @OLD_CHARACTER_SET_RESULTS=@@CHARACTER_SET_RESULTS */;
/*!40101 SET @OLD_COLLATION_CONNECTION=@@COLLATION_CONNECTION */;
/*!40101 SET NAMES utf8mb4 */;

--
-- Database: `pkss`
--

-- --------------------------------------------------------

--
-- Struktur dari tabel `diagnosa`
--

CREATE TABLE `diagnosa` (
  `id` int(11) NOT NULL,
  `id_user` int(11) NOT NULL,
  `diagnosa_id` varchar(10) DEFAULT NULL,
  `kode_pernyataan` varchar(10) NOT NULL,
  `cf_user` decimal(8,1) NOT NULL,
  `created_at` datetime NOT NULL DEFAULT current_timestamp()
) ENGINE=InnoDB DEFAULT CHARSET=utf8mb4 COLLATE=utf8mb4_general_ci;

--
-- Dumping data untuk tabel `diagnosa`
--

INSERT INTO `diagnosa` (`id`, `id_user`, `diagnosa_id`, `kode_pernyataan`, `cf_user`, `created_at`) VALUES
(0, 27, 'W42YzDs79d', 'P16', 0.4, '2024-01-08 13:43:35'),
(44, 23, 'eBo2ymCZ80', 'P01', 0.0, '2024-01-07 09:20:22'),
(45, 23, 'eBo2ymCZ80', 'P02', 0.4, '2024-01-07 09:20:22'),
(46, 23, 'eBo2ymCZ80', 'P03', 0.2, '2024-01-07 09:20:22'),
(47, 23, 'eBo2ymCZ80', 'P04', 0.0, '2024-01-07 09:20:22'),
(48, 23, 'eBo2ymCZ80', 'P05', 0.6, '2024-01-07 09:20:22'),
(49, 23, 'eBo2ymCZ80', 'P06', 0.4, '2024-01-07 09:20:22'),
(50, 23, 'eBo2ymCZ80', 'P07', 1.0, '2024-01-07 09:20:22'),
(51, 23, 'eBo2ymCZ80', 'P08', 0.6, '2024-01-07 09:20:22'),
(52, 23, 'eBo2ymCZ80', 'P09', 0.2, '2024-01-07 09:20:22'),
(53, 23, 'eBo2ymCZ80', 'P10', 0.4, '2024-01-07 09:20:22'),
(54, 23, 'eBo2ymCZ80', 'P11', 0.8, '2024-01-07 09:20:22'),
(55, 23, 'eBo2ymCZ80', 'P12', 0.6, '2024-01-07 09:20:22'),
(56, 23, 'eBo2ymCZ80', 'P13', 0.2, '2024-01-07 09:20:22'),
(57, 23, 'eBo2ymCZ80', 'P14', 0.0, '2024-01-07 09:20:22'),
(58, 23, 'eBo2ymCZ80', 'P15', 0.4, '2024-01-07 09:20:22'),
(59, 23, 'eBo2ymCZ80', 'P16', 0.2, '2024-01-07 09:20:22'),
(60, 23, 'eBo2ymCZ80', 'P17', 0.2, '2024-01-07 09:20:22'),
(61, 23, 'eBo2ymCZ80', 'P18', 0.8, '2024-01-07 09:20:22'),
(62, 23, 'eBo2ymCZ80', 'P19', 0.8, '2024-01-07 09:20:22'),
(63, 23, 'eBo2ymCZ80', 'P20', 0.6, '2024-01-07 09:20:22'),
(64, 23, 'eBo2ymCZ80', 'P23', 0.2, '2024-01-07 09:20:22'),
(65, 23, 'eBo2ymCZ80', 'P24', 0.2, '2024-01-07 09:20:22'),
(66, 23, 'eBo2ymCZ80', 'P25', 0.2, '2024-01-07 09:20:22'),
(67, 23, 'eBo2ymCZ80', 'P26', 0.8, '2024-01-07 09:20:22'),
(68, 23, 'eBo2ymCZ80', 'P27', 0.0, '2024-01-07 09:20:22'),
(69, 23, 'eBo2ymCZ80', 'P28', 1.0, '2024-01-07 09:20:22'),
(70, 23, 'eBo2ymCZ80', 'P29', 0.6, '2024-01-07 09:20:22'),
(71, 23, 'eBo2ymCZ80', 'P30', 0.2, '2024-01-07 09:20:22'),
(72, 23, 'eBo2ymCZ80', 'P31', 0.4, '2024-01-07 09:20:22'),
(73, 23, 'eBo2ymCZ80', 'P32', 0.8, '2024-01-07 09:20:22'),
(74, 23, 'eBo2ymCZ80', 'P33', 0.2, '2024-01-07 09:20:22'),
(75, 23, 'eBo2ymCZ80', 'P34', 0.4, '2024-01-07 09:20:22'),
(76, 23, 'eBo2ymCZ80', 'P35', 0.8, '2024-01-07 09:20:22'),
(77, 23, 'eBo2ymCZ80', 'P36', 0.6, '2024-01-07 09:20:22'),
(78, 23, 'eBo2ymCZ80', 'P37', 0.6, '2024-01-07 09:20:22'),
(79, 23, 'eBo2ymCZ80', 'P38', 0.2, '2024-01-07 09:20:22'),
(80, 23, 'eBo2ymCZ80', 'P39', 0.2, '2024-01-07 09:20:22'),
(81, 23, 'eBo2ymCZ80', 'P40', 0.0, '2024-01-07 09:20:22'),
(82, 23, 'eBo2ymCZ80', 'P41', 0.2, '2024-01-07 09:20:22'),
(83, 23, 'eBo2ymCZ80', 'P42', 0.2, '2024-01-07 09:20:22'),
(84, 23, 'eBo2ymCZ80', 'P43', 0.0, '2024-01-07 09:20:22'),
(85, 23, 'eBo2ymCZ80', 'P44', 0.6, '2024-01-07 09:20:22'),
(86, 23, 'eBo2ymCZ80', 'P45', 0.6, '2024-01-07 09:20:22'),
(87, 23, 'eBo2ymCZ80', 'P46', 0.2, '2024-01-07 09:20:22'),
(88, 23, 'eBo2ymCZ80', 'P47', 0.6, '2024-01-07 09:20:22'),
(89, 23, 'eBo2ymCZ80', 'P48', 0.2, '2024-01-07 09:20:22'),
(90, 23, 'eBo2ymCZ80', 'P49', 0.4, '2024-01-07 09:20:22'),
(91, 23, 'eBo2ymCZ80', 'P50', 0.2, '2024-01-07 09:20:22'),
(92, 23, 'eBo2ymCZ80', 'P51', 0.0, '2024-01-07 09:20:22'),
(93, 23, 'eBo2ymCZ80', 'P52', 0.2, '2024-01-07 09:20:22'),
(94, 23, 'eBo2ymCZ80', 'P53', 0.4, '2024-01-07 09:20:22'),
(95, 23, 'eBo2ymCZ80', 'P54', 0.8, '2024-01-07 09:20:22'),
(96, 23, 'eBo2ymCZ80', 'P55', 0.6, '2024-01-07 09:20:22'),
(97, 23, 'eBo2ymCZ80', 'P56', 0.8, '2024-01-07 09:20:22'),
(98, 23, 'eBo2ymCZ80', 'P57', 0.4, '2024-01-07 09:20:22'),
(99, 23, 'eBo2ymCZ80', 'P58', 0.0, '2024-01-07 09:20:22'),
(100, 23, 'eBo2ymCZ80', 'P59', 1.0, '2024-01-07 09:20:22'),
(101, 23, 'eBo2ymCZ80', 'P60', 1.0, '2024-01-07 09:20:22'),
(102, 23, 'lmU6SbjTqQ', 'P01', 1.0, '2024-01-08 17:22:50'),
(103, 23, 'lmU6SbjTqQ', 'P02', 0.2, '2024-01-08 17:22:50'),
(104, 23, 'lmU6SbjTqQ', 'P03', 0.4, '2024-01-08 17:22:50'),
(105, 23, 'lmU6SbjTqQ', 'P04', 0.4, '2024-01-08 17:22:50'),
(106, 23, 'lmU6SbjTqQ', 'P05', 0.2, '2024-01-08 17:22:50'),
(107, 26, 'UXIOZaySpC', 'P01', 0.2, '2024-01-15 13:02:04'),
(108, 26, 'UXIOZaySpC', 'P02', 0.8, '2024-01-15 13:02:04'),
(109, 26, 'UXIOZaySpC', 'P03', 0.0, '2024-01-15 13:02:04'),
(110, 26, 'UXIOZaySpC', 'P06', 0.2, '2024-01-15 13:02:04'),
(111, 26, 'UXIOZaySpC', 'P26', 0.8, '2024-01-15 13:02:04'),
(112, 26, 'UXIOZaySpC', 'P27', 0.6, '2024-01-15 13:02:04'),
(113, 26, 'UXIOZaySpC', 'P28', 0.2, '2024-01-15 13:02:04'),
(114, 26, 'UXIOZaySpC', 'P50', 0.2, '2024-01-15 13:02:04'),
(115, 26, 'UXIOZaySpC', 'P51', 0.4, '2024-01-15 13:02:04'),
(116, 26, 'UXIOZaySpC', 'P52', 0.2, '2024-01-15 13:02:04'),
(117, 26, 'UXIOZaySpC', 'P53', 0.0, '2024-01-15 13:02:04'),
(118, 27, 'NIsgjAkJ7E', 'P01', 1.0, '2024-02-08 23:23:20'),
(119, 27, 'NIsgjAkJ7E', 'P02', 0.6, '2024-02-08 23:23:20'),
(120, 27, 'NIsgjAkJ7E', 'P03', 0.8, '2024-02-08 23:23:20'),
(121, 27, 'NIsgjAkJ7E', 'P04', 0.0, '2024-02-08 23:23:20'),
(122, 27, 'NIsgjAkJ7E', 'P05', 0.8, '2024-02-08 23:23:20'),
(123, 27, 'NIsgjAkJ7E', 'P06', 0.4, '2024-02-08 23:23:20'),
(124, 27, 'NIsgjAkJ7E', 'P07', 1.0, '2024-02-08 23:23:20'),
(125, 27, 'NIsgjAkJ7E', 'P08', 1.0, '2024-02-08 23:23:20'),
(126, 27, 'NIsgjAkJ7E', 'P09', 0.2, '2024-02-08 23:23:20'),
(127, 27, 'NIsgjAkJ7E', 'P10', 0.6, '2024-02-08 23:23:20'),
(128, 27, 'NIsgjAkJ7E', 'P11', 0.2, '2024-02-08 23:23:20'),
(129, 27, 'NIsgjAkJ7E', 'P12', 0.0, '2024-02-08 23:23:20'),
(130, 27, 'NIsgjAkJ7E', 'P13', 0.6, '2024-02-08 23:23:20'),
(131, 27, 'NIsgjAkJ7E', 'P14', 0.2, '2024-02-08 23:23:20'),
(132, 27, 'NIsgjAkJ7E', 'P15', 0.0, '2024-02-08 23:23:20'),
(133, 27, 'NIsgjAkJ7E', 'P16', 0.6, '2024-02-08 23:23:20'),
(134, 27, 'NIsgjAkJ7E', 'P17', 0.8, '2024-02-08 23:23:20'),
(135, 27, 'NIsgjAkJ7E', 'P18', 0.0, '2024-02-08 23:23:20'),
(136, 27, 'NIsgjAkJ7E', 'P19', 0.8, '2024-02-08 23:23:20'),
(137, 27, 'NIsgjAkJ7E', 'P20', 0.4, '2024-02-08 23:23:20'),
(138, 27, 'NIsgjAkJ7E', 'P21', 0.6, '2024-02-08 23:23:20'),
(139, 27, 'NIsgjAkJ7E', 'P22', 0.4, '2024-02-08 23:23:20'),
(140, 27, 'NIsgjAkJ7E', 'P23', 0.0, '2024-02-08 23:23:20'),
(141, 27, 'NIsgjAkJ7E', 'P24', 0.2, '2024-02-08 23:23:20'),
(142, 27, 'NIsgjAkJ7E', 'P25', 0.8, '2024-02-08 23:23:20'),
(143, 27, 'NIsgjAkJ7E', 'P26', 1.0, '2024-02-08 23:23:20'),
(144, 27, 'NIsgjAkJ7E', 'P27', 1.0, '2024-02-08 23:23:20'),
(145, 27, 'NIsgjAkJ7E', 'P28', 0.2, '2024-02-08 23:23:20'),
(146, 27, 'NIsgjAkJ7E', 'P29', 0.8, '2024-02-08 23:23:20'),
(147, 27, 'NIsgjAkJ7E', 'P30', 0.6, '2024-02-08 23:23:20'),
(148, 27, 'NIsgjAkJ7E', 'P31', 1.0, '2024-02-08 23:23:20'),
(149, 27, 'NIsgjAkJ7E', 'P32', 0.4, '2024-02-08 23:23:20'),
(150, 27, 'NIsgjAkJ7E', 'P33', 0.6, '2024-02-08 23:23:20'),
(151, 27, 'NIsgjAkJ7E', 'P34', 0.4, '2024-02-08 23:23:20'),
(152, 27, 'NIsgjAkJ7E', 'P35', 0.8, '2024-02-08 23:23:20'),
(153, 27, 'NIsgjAkJ7E', 'P36', 1.0, '2024-02-08 23:23:20'),
(154, 27, 'NIsgjAkJ7E', 'P37', 1.0, '2024-02-08 23:23:20'),
(155, 27, 'NIsgjAkJ7E', 'P38', 0.8, '2024-02-08 23:23:20'),
(156, 27, 'NIsgjAkJ7E', 'P39', 0.2, '2024-02-08 23:23:20'),
(157, 27, 'NIsgjAkJ7E', 'P40', 0.2, '2024-02-08 23:23:20'),
(158, 27, 'NIsgjAkJ7E', 'P41', 0.6, '2024-02-08 23:23:20'),
(159, 27, 'NIsgjAkJ7E', 'P42', 1.0, '2024-02-08 23:23:20'),
(160, 27, 'NIsgjAkJ7E', 'P43', 0.4, '2024-02-08 23:23:20'),
(161, 27, 'NIsgjAkJ7E', 'P44', 0.4, '2024-02-08 23:23:20'),
(162, 27, 'NIsgjAkJ7E', 'P45', 0.2, '2024-02-08 23:23:20'),
(163, 27, 'NIsgjAkJ7E', 'P46', 0.8, '2024-02-08 23:23:20'),
(164, 27, 'NIsgjAkJ7E', 'P47', 0.4, '2024-02-08 23:23:20'),
(165, 27, 'NIsgjAkJ7E', 'P48', 0.6, '2024-02-08 23:23:20'),
(166, 27, 'NIsgjAkJ7E', 'P49', 0.4, '2024-02-08 23:23:20'),
(167, 27, 'NIsgjAkJ7E', 'P50', 0.8, '2024-02-08 23:23:20'),
(168, 27, 'NIsgjAkJ7E', 'P51', 0.8, '2024-02-08 23:23:20'),
(169, 27, 'NIsgjAkJ7E', 'P52', 1.0, '2024-02-08 23:23:20'),
(170, 27, 'NIsgjAkJ7E', 'P53', 0.8, '2024-02-08 23:23:20'),
(171, 27, 'NIsgjAkJ7E', 'P54', 1.0, '2024-02-08 23:23:20'),
(172, 27, 'NIsgjAkJ7E', 'P55', 1.0, '2024-02-08 23:23:20'),
(173, 27, 'NIsgjAkJ7E', 'P56', 1.0, '2024-02-08 23:23:20'),
(174, 27, 'NIsgjAkJ7E', 'P57', 0.8, '2024-02-08 23:23:20'),
(175, 27, 'NIsgjAkJ7E', 'P58', 0.8, '2024-02-08 23:23:20'),
(176, 27, 'NIsgjAkJ7E', 'P59', 0.4, '2024-02-08 23:23:20'),
(177, 27, 'NIsgjAkJ7E', 'P60', 0.8, '2024-02-08 23:23:20'),
(195, 27, 'lLcbH3SI95', 'P01', 0.6, '2024-02-08 23:24:57'),
(196, 27, 'lLcbH3SI95', 'P02', 0.2, '2024-02-08 23:24:57'),
(197, 27, 'lLcbH3SI95', 'P03', 0.2, '2024-02-08 23:24:57'),
(198, 27, 'lLcbH3SI95', 'P04', 0.4, '2024-02-08 23:24:57'),
(199, 27, 'lLcbH3SI95', 'P05', 0.8, '2024-02-08 23:24:57'),
(200, 27, 'lLcbH3SI95', 'P06', 0.2, '2024-02-08 23:24:57'),
(201, 27, 'lLcbH3SI95', 'P07', 0.4, '2024-02-08 23:24:57'),
(202, 27, 'lLcbH3SI95', 'P08', 1.0, '2024-02-08 23:24:57'),
(203, 27, 'lLcbH3SI95', 'P09', 0.0, '2024-02-08 23:24:57'),
(204, 27, 'lLcbH3SI95', 'P10', 0.0, '2024-02-08 23:24:57'),
(205, 27, 'lLcbH3SI95', 'P11', 0.2, '2024-02-08 23:24:57'),
(206, 27, 'lLcbH3SI95', 'P12', 0.6, '2024-02-08 23:24:57'),
(207, 27, 'lLcbH3SI95', 'P13', 0.4, '2024-02-08 23:24:57'),
(208, 27, 'lLcbH3SI95', 'P14', 0.2, '2024-02-08 23:24:57'),
(209, 27, 'lLcbH3SI95', 'P15', 0.6, '2024-02-08 23:24:57'),
(210, 27, 'lLcbH3SI95', 'P16', 0.2, '2024-02-08 23:24:57'),
(211, 27, 'lLcbH3SI95', 'P17', 0.8, '2024-02-08 23:24:57'),
(212, 27, 'W42YzDs79d', 'P01', 0.6, '2024-01-08 13:43:35'),
(213, 27, 'W42YzDs79d', 'P02', 0.4, '2024-01-08 13:43:35'),
(214, 27, 'W42YzDs79d', 'P03', 0.0, '2024-01-08 13:43:35'),
(215, 27, 'W42YzDs79d', 'P04', 0.2, '2024-01-08 13:43:35'),
(216, 27, 'W42YzDs79d', 'P05', 0.8, '2024-01-08 13:43:35'),
(217, 27, 'W42YzDs79d', 'P06', 0.4, '2024-01-08 13:43:35'),
(218, 27, 'W42YzDs79d', 'P07', 0.2, '2024-01-08 13:43:35'),
(219, 27, 'W42YzDs79d', 'P08', 1.0, '2024-01-08 13:43:35'),
(220, 27, 'W42YzDs79d', 'P09', 0.2, '2024-01-08 13:43:35'),
(221, 27, 'W42YzDs79d', 'P10', 0.0, '2024-01-08 13:43:35'),
(222, 27, 'W42YzDs79d', 'P11', 0.4, '2024-01-08 13:43:35'),
(223, 27, 'W42YzDs79d', 'P12', 0.2, '2024-01-08 13:43:35'),
(224, 27, 'W42YzDs79d', 'P14', 0.6, '2024-01-08 13:43:35'),
(225, 27, 'W42YzDs79d', 'P15', 0.2, '2024-01-08 13:43:35'),
(227, 27, 'W42YzDs79d', 'P17', 0.4, '2024-01-08 13:43:35'),
(228, 27, 'W42YzDs79d', 'P18', 0.6, '2024-01-08 13:43:35'),
(229, 27, 'W42YzDs79d', 'P19', 0.8, '2024-01-08 13:43:35'),
(230, 27, 'W42YzDs79d', 'P20', 0.0, '2024-01-08 13:43:35'),
(231, 27, 'W42YzDs79d', 'P21', 0.4, '2024-01-08 13:43:35'),
(232, 27, 'W42YzDs79d', 'P22', 0.4, '2024-01-08 13:43:35'),
(233, 27, 'W42YzDs79d', 'P23', 0.2, '2024-01-08 13:43:35'),
(234, 27, 'W42YzDs79d', 'P24', 0.4, '2024-01-08 13:43:35'),
(235, 27, 'W42YzDs79d', 'P25', 0.8, '2024-01-08 13:43:35'),
(236, 27, 'W42YzDs79d', 'P26', 1.0, '2024-01-08 13:43:35'),
(237, 27, 'W42YzDs79d', 'P27', 1.0, '2024-01-08 13:43:35'),
(238, 27, 'W42YzDs79d', 'P28', 0.8, '2024-01-08 13:43:35'),
(239, 27, 'W42YzDs79d', 'P29', 0.8, '2024-01-08 13:43:35'),
(240, 27, 'W42YzDs79d', 'P30', 0.0, '2024-01-08 13:43:35'),
(241, 27, 'W42YzDs79d', 'P31', 0.6, '2024-01-08 13:43:35'),
(242, 27, 'W42YzDs79d', 'P32', 0.2, '2024-01-08 13:43:35'),
(243, 27, 'W42YzDs79d', 'P33', 0.2, '2024-01-08 13:43:35'),
(244, 27, 'W42YzDs79d', 'P34', 0.6, '2024-01-08 13:43:35'),
(245, 27, 'W42YzDs79d', 'P35', 0.2, '2024-01-08 13:43:35'),
(246, 27, 'W42YzDs79d', 'P36', 0.6, '2024-01-08 13:43:35'),
(247, 27, 'W42YzDs79d', 'P37', 0.4, '2024-01-08 13:43:35'),
(248, 27, 'W42YzDs79d', 'P38', 0.8, '2024-01-08 13:43:35'),
(249, 27, 'W42YzDs79d', 'P39', 0.0, '2024-01-08 13:43:35'),
(250, 27, 'W42YzDs79d', 'P40', 0.0, '2024-01-08 13:43:35'),
(251, 27, 'W42YzDs79d', 'P41', 0.2, '2024-01-08 13:43:35'),
(252, 27, 'W42YzDs79d', 'P42', 0.6, '2024-01-08 13:43:35'),
(253, 27, 'W42YzDs79d', 'P43', 0.4, '2024-01-08 13:43:35'),
(254, 27, 'W42YzDs79d', 'P44', 0.2, '2024-01-08 13:43:35'),
(255, 27, 'W42YzDs79d', 'P45', 0.0, '2024-01-08 13:43:35'),
(256, 27, 'W42YzDs79d', 'P46', 0.2, '2024-01-08 13:43:35'),
(257, 27, 'W42YzDs79d', 'P47', 0.2, '2024-01-08 13:43:35'),
(258, 27, 'W42YzDs79d', 'P48', 0.6, '2024-01-08 13:43:35'),
(259, 27, 'W42YzDs79d', 'P49', 0.2, '2024-01-08 13:43:35'),
(260, 27, 'W42YzDs79d', 'P50', 0.4, '2024-01-08 13:43:35'),
(261, 27, 'W42YzDs79d', 'P51', 0.6, '2024-01-08 13:43:35'),
(262, 27, 'W42YzDs79d', 'P52', 0.8, '2024-01-08 13:43:35'),
(263, 27, 'W42YzDs79d', 'P53', 0.2, '2024-01-08 13:43:35'),
(264, 27, 'W42YzDs79d', 'P54', 0.4, '2024-01-08 13:43:35'),
(265, 27, 'W42YzDs79d', 'P55', 0.4, '2024-01-08 13:43:35'),
(266, 27, 'W42YzDs79d', 'P56', 0.2, '2024-01-08 13:43:35'),
(267, 27, 'W42YzDs79d', 'P57', 0.6, '2024-01-08 13:43:35'),
(268, 27, 'W42YzDs79d', 'P58', 0.2, '2024-01-08 13:43:35'),
(269, 27, 'W42YzDs79d', 'P59', 0.8, '2024-01-08 13:43:35'),
(270, 27, 'W42YzDs79d', 'P60', 0.8, '2024-01-08 13:43:35'),
(271, 28, 'e0oTbE7VLk', 'P01', 0.6, '2024-01-08 13:50:52'),
(272, 28, 'e0oTbE7VLk', 'P02', 0.8, '2024-01-08 13:50:52'),
(273, 28, 'e0oTbE7VLk', 'P03', 0.4, '2024-01-08 13:50:52'),
(274, 28, 'e0oTbE7VLk', 'P04', 0.4, '2024-01-08 13:50:52'),
(275, 28, 'e0oTbE7VLk', 'P05', 0.2, '2024-01-08 13:50:52'),
(276, 28, 'e0oTbE7VLk', 'P06', 0.2, '2024-01-08 13:50:52'),
(277, 28, 'e0oTbE7VLk', 'P07', 0.8, '2024-01-08 13:50:52'),
(278, 28, 'e0oTbE7VLk', 'P08', 0.6, '2024-01-08 13:50:52'),
(279, 28, 'e0oTbE7VLk', 'P09', 0.0, '2024-01-08 13:50:52'),
(280, 28, 'e0oTbE7VLk', 'P10', 0.0, '2024-01-08 13:50:52'),
(281, 28, 'e0oTbE7VLk', 'P11', 0.0, '2024-01-08 13:50:52'),
(282, 28, 'e0oTbE7VLk', 'P12', 0.2, '2024-01-08 13:50:52'),
(283, 28, 'e0oTbE7VLk', 'P13', 0.4, '2024-01-08 13:50:52'),
(284, 28, 'e0oTbE7VLk', 'P14', 0.2, '2024-01-08 13:50:52'),
(285, 28, 'e0oTbE7VLk', 'P15', 0.4, '2024-01-08 13:50:52'),
(286, 28, 'e0oTbE7VLk', 'P16', 0.4, '2024-01-08 13:50:52'),
(287, 28, 'e0oTbE7VLk', 'P17', 0.2, '2024-01-08 13:50:52'),
(288, 28, 'e0oTbE7VLk', 'P18', 0.2, '2024-01-08 13:50:52'),
(289, 28, 'e0oTbE7VLk', 'P19', 0.2, '2024-01-08 13:50:52'),
(290, 28, 'e0oTbE7VLk', 'P20', 0.0, '2024-01-08 13:50:52'),
(291, 28, 'e0oTbE7VLk', 'P21', 0.6, '2024-01-08 13:50:52'),
(292, 28, 'e0oTbE7VLk', 'P22', 0.4, '2024-01-08 13:50:52'),
(293, 28, 'e0oTbE7VLk', 'P23', 0.2, '2024-01-08 13:50:52'),
(294, 28, 'e0oTbE7VLk', 'P24', 0.2, '2024-01-08 13:50:52'),
(295, 28, 'e0oTbE7VLk', 'P25', 0.6, '2024-01-08 13:50:52'),
(296, 28, 'e0oTbE7VLk', 'P26', 0.4, '2024-01-08 13:50:52'),
(297, 28, 'e0oTbE7VLk', 'P27', 0.8, '2024-01-08 13:50:52'),
(298, 28, 'e0oTbE7VLk', 'P28', 0.2, '2024-01-08 13:50:52'),
(299, 28, 'e0oTbE7VLk', 'P29', 0.2, '2024-01-08 13:50:52'),
(300, 28, 'e0oTbE7VLk', 'P30', 0.2, '2024-01-08 13:50:52'),
(301, 28, 'e0oTbE7VLk', 'P31', 0.4, '2024-01-08 13:50:52'),
(302, 28, 'e0oTbE7VLk', 'P32', 0.2, '2024-01-08 13:50:52'),
(303, 28, 'e0oTbE7VLk', 'P33', 0.4, '2024-01-08 13:50:52'),
(304, 28, 'e0oTbE7VLk', 'P34', 0.4, '2024-01-08 13:50:52'),
(305, 28, 'e0oTbE7VLk', 'P35', 0.6, '2024-01-08 13:50:52'),
(306, 28, 'e0oTbE7VLk', 'P36', 0.2, '2024-01-08 13:50:52'),
(307, 28, 'e0oTbE7VLk', 'P37', 0.2, '2024-01-08 13:50:52'),
(308, 28, 'e0oTbE7VLk', 'P38', 0.8, '2024-01-08 13:50:52'),
(309, 28, 'e0oTbE7VLk', 'P39', 0.8, '2024-01-08 13:50:52'),
(310, 28, 'e0oTbE7VLk', 'P40', 0.4, '2024-01-08 13:50:52'),
(311, 28, 'e0oTbE7VLk', 'P41', 0.8, '2024-01-08 13:50:52'),
(312, 28, 'e0oTbE7VLk', 'P42', 0.8, '2024-01-08 13:50:52'),
(313, 28, 'e0oTbE7VLk', 'P43', 0.2, '2024-01-08 13:50:52'),
(314, 28, 'e0oTbE7VLk', 'P44', 0.2, '2024-01-08 13:50:52'),
(315, 28, 'e0oTbE7VLk', 'P45', 0.0, '2024-01-08 13:50:52'),
(316, 28, 'e0oTbE7VLk', 'P46', 0.6, '2024-01-08 13:50:52'),
(317, 28, 'e0oTbE7VLk', 'P47', 1.0, '2024-01-08 13:50:52'),
(318, 28, 'e0oTbE7VLk', 'P48', 0.8, '2024-01-08 13:50:52'),
(319, 28, 'e0oTbE7VLk', 'P49', 0.4, '2024-01-08 13:50:52'),
(320, 28, 'e0oTbE7VLk', 'P50', 0.6, '2024-01-08 13:50:52'),
(321, 28, 'e0oTbE7VLk', 'P51', 0.6, '2024-01-08 13:50:52'),
(322, 28, 'e0oTbE7VLk', 'P52', 0.4, '2024-01-08 13:50:52'),
(323, 28, 'e0oTbE7VLk', 'P53', 0.8, '2024-01-08 13:50:52'),
(324, 28, 'e0oTbE7VLk', 'P54', 1.0, '2024-01-08 13:50:52'),
(325, 28, 'e0oTbE7VLk', 'P55', 0.8, '2024-01-08 13:50:52'),
(326, 28, 'e0oTbE7VLk', 'P56', 0.4, '2024-01-08 13:50:52'),
(327, 28, 'e0oTbE7VLk', 'P57', 0.2, '2024-01-08 13:50:52'),
(328, 28, 'e0oTbE7VLk', 'P58', 0.6, '2024-01-08 13:50:52'),
(329, 28, 'e0oTbE7VLk', 'P59', 0.4, '2024-01-08 13:50:52'),
(330, 28, 'e0oTbE7VLk', 'P60', 0.4, '2024-01-08 13:50:52'),
(331, 29, 'kDLxSFpueP', 'P01', 0.8, '2024-01-08 13:59:21'),
(332, 29, 'kDLxSFpueP', 'P02', 0.6, '2024-01-08 13:59:21'),
(333, 29, 'kDLxSFpueP', 'P03', 0.4, '2024-01-08 13:59:21'),
(334, 29, 'kDLxSFpueP', 'P04', 0.6, '2024-01-08 13:59:21'),
(335, 29, 'kDLxSFpueP', 'P05', 0.4, '2024-01-08 13:59:21'),
(336, 29, 'kDLxSFpueP', 'P06', 0.8, '2024-01-08 13:59:21'),
(337, 29, 'kDLxSFpueP', 'P07', 0.8, '2024-01-08 13:59:21'),
(338, 29, 'kDLxSFpueP', 'P08', 1.0, '2024-01-08 13:59:21'),
(339, 29, 'kDLxSFpueP', 'P09', 0.6, '2024-01-08 13:59:21'),
(340, 29, 'kDLxSFpueP', 'P10', 0.4, '2024-01-08 13:59:21'),
(341, 29, 'kDLxSFpueP', 'P11', 0.8, '2024-01-08 13:59:21'),
(342, 29, 'kDLxSFpueP', 'P12', 0.4, '2024-01-08 13:59:21'),
(343, 29, 'kDLxSFpueP', 'P13', 0.6, '2024-01-08 13:59:21'),
(344, 29, 'kDLxSFpueP', 'P14', 0.6, '2024-01-08 13:59:21'),
(345, 29, 'kDLxSFpueP', 'P15', 0.2, '2024-01-08 13:59:21'),
(346, 29, 'kDLxSFpueP', 'P16', 0.4, '2024-01-08 13:59:21'),
(347, 29, 'kDLxSFpueP', 'P17', 0.4, '2024-01-08 13:59:21'),
(348, 29, 'kDLxSFpueP', 'P18', 0.0, '2024-01-08 13:59:21'),
(349, 29, 'kDLxSFpueP', 'P19', 0.2, '2024-01-08 13:59:21'),
(350, 29, 'kDLxSFpueP', 'P20', 0.0, '2024-01-08 13:59:21'),
(351, 29, 'kDLxSFpueP', 'P21', 0.4, '2024-01-08 13:59:21'),
(352, 29, 'kDLxSFpueP', 'P22', 0.2, '2024-01-08 13:59:21'),
(353, 29, 'kDLxSFpueP', 'P23', 0.0, '2024-01-08 13:59:21'),
(354, 29, 'kDLxSFpueP', 'P24', 0.6, '2024-01-08 13:59:21'),
(355, 29, 'kDLxSFpueP', 'P25', 0.4, '2024-01-08 13:59:21'),
(356, 29, 'kDLxSFpueP', 'P26', 0.8, '2024-01-08 13:59:21'),
(357, 29, 'kDLxSFpueP', 'P27', 0.6, '2024-01-08 13:59:21'),
(358, 29, 'kDLxSFpueP', 'P28', 0.2, '2024-01-08 13:59:21'),
(359, 29, 'kDLxSFpueP', 'P29', 0.4, '2024-01-08 13:59:21'),
(360, 29, 'kDLxSFpueP', 'P30', 0.2, '2024-01-08 13:59:21'),
(361, 29, 'kDLxSFpueP', 'P31', 0.4, '2024-01-08 13:59:21'),
(362, 29, 'kDLxSFpueP', 'P32', 0.2, '2024-01-08 13:59:21'),
(363, 29, 'kDLxSFpueP', 'P33', 0.2, '2024-01-08 13:59:21'),
(364, 29, 'kDLxSFpueP', 'P34', 0.4, '2024-01-08 13:59:21'),
(365, 29, 'kDLxSFpueP', 'P35', 0.4, '2024-01-08 13:59:21'),
(366, 29, 'kDLxSFpueP', 'P36', 0.2, '2024-01-08 13:59:21'),
(367, 29, 'kDLxSFpueP', 'P37', 0.6, '2024-01-08 13:59:21'),
(368, 29, 'kDLxSFpueP', 'P38', 0.8, '2024-01-08 13:59:21'),
(369, 29, 'kDLxSFpueP', 'P39', 0.0, '2024-01-08 13:59:21'),
(370, 29, 'kDLxSFpueP', 'P40', 0.0, '2024-01-08 13:59:21'),
(371, 29, 'kDLxSFpueP', 'P41', 0.2, '2024-01-08 13:59:21'),
(372, 29, 'kDLxSFpueP', 'P42', 0.8, '2024-01-08 13:59:21'),
(373, 29, 'kDLxSFpueP', 'P43', 0.2, '2024-01-08 13:59:21'),
(374, 29, 'kDLxSFpueP', 'P44', 0.4, '2024-01-08 13:59:21'),
(375, 29, 'kDLxSFpueP', 'P45', 0.2, '2024-01-08 13:59:21'),
(376, 29, 'kDLxSFpueP', 'P46', 0.6, '2024-01-08 13:59:21'),
(377, 29, 'kDLxSFpueP', 'P47', 0.2, '2024-01-08 13:59:21'),
(378, 29, 'kDLxSFpueP', 'P48', 0.6, '2024-01-08 13:59:21'),
(379, 29, 'kDLxSFpueP', 'P49', 0.4, '2024-01-08 13:59:21'),
(380, 29, 'kDLxSFpueP', 'P50', 0.4, '2024-01-08 13:59:21'),
(381, 29, 'kDLxSFpueP', 'P51', 0.8, '2024-01-08 13:59:21'),
(382, 29, 'kDLxSFpueP', 'P52', 0.4, '2024-01-08 13:59:21'),
(383, 29, 'kDLxSFpueP', 'P53', 0.8, '2024-01-08 13:59:21'),
(384, 29, 'kDLxSFpueP', 'P54', 0.6, '2024-01-08 13:59:21'),
(385, 29, 'kDLxSFpueP', 'P55', 0.8, '2024-01-08 13:59:21'),
(386, 29, 'kDLxSFpueP', 'P56', 0.4, '2024-01-08 13:59:21'),
(387, 29, 'kDLxSFpueP', 'P57', 0.2, '2024-01-08 13:59:21'),
(388, 29, 'kDLxSFpueP', 'P58', 0.6, '2024-01-08 13:59:21'),
(389, 29, 'kDLxSFpueP', 'P59', 0.4, '2024-01-08 13:59:21'),
(390, 29, 'kDLxSFpueP', 'P60', 0.6, '2024-01-08 13:59:21'),
(391, 30, 'r5H1sOqJ0U', 'P01', 0.2, '2024-01-09 13:37:48'),
(392, 30, 'r5H1sOqJ0U', 'P02', 0.2, '2024-01-09 13:37:48'),
(393, 30, 'r5H1sOqJ0U', 'P03', 0.4, '2024-01-09 13:37:48'),
(394, 30, 'r5H1sOqJ0U', 'P04', 0.0, '2024-01-09 13:37:48'),
(395, 30, 'r5H1sOqJ0U', 'P05', 0.2, '2024-01-09 13:37:48'),
(396, 30, 'r5H1sOqJ0U', 'P06', 0.2, '2024-01-09 13:37:48'),
(397, 30, 'r5H1sOqJ0U', 'P07', 0.4, '2024-01-09 13:37:48'),
(398, 30, 'r5H1sOqJ0U', 'P08', 0.4, '2024-01-09 13:37:48'),
(399, 30, 'r5H1sOqJ0U', 'P09', 0.2, '2024-01-09 13:37:48'),
(400, 30, 'r5H1sOqJ0U', 'P10', 0.0, '2024-01-09 13:37:48'),
(401, 30, 'r5H1sOqJ0U', 'P11', 0.8, '2024-01-09 13:37:48'),
(402, 30, 'r5H1sOqJ0U', 'P12', 0.2, '2024-01-09 13:37:48'),
(403, 30, 'r5H1sOqJ0U', 'P13', 0.4, '2024-01-09 13:37:48'),
(404, 30, 'r5H1sOqJ0U', 'P14', 0.4, '2024-01-09 13:37:48'),
(405, 30, 'r5H1sOqJ0U', 'P15', 0.6, '2024-01-09 13:37:48'),
(406, 30, 'r5H1sOqJ0U', 'P16', 0.2, '2024-01-09 13:37:48'),
(407, 30, 'r5H1sOqJ0U', 'P17', 0.4, '2024-01-09 13:37:48'),
(408, 30, 'r5H1sOqJ0U', 'P18', 0.6, '2024-01-09 13:37:48'),
(409, 30, 'r5H1sOqJ0U', 'P19', 0.8, '2024-01-09 13:37:48'),
(410, 30, 'r5H1sOqJ0U', 'P20', 0.4, '2024-01-09 13:37:48'),
(411, 30, 'r5H1sOqJ0U', 'P21', 0.8, '2024-01-09 13:37:48'),
(412, 30, 'r5H1sOqJ0U', 'P22', 0.4, '2024-01-09 13:37:48'),
(413, 30, 'r5H1sOqJ0U', 'P23', 0.0, '2024-01-09 13:37:48'),
(414, 30, 'r5H1sOqJ0U', 'P24', 1.0, '2024-01-09 13:37:48'),
(415, 30, 'r5H1sOqJ0U', 'P25', 0.6, '2024-01-09 13:37:48'),
(416, 30, 'r5H1sOqJ0U', 'P26', 0.6, '2024-01-09 13:37:48'),
(417, 30, 'r5H1sOqJ0U', 'P27', 0.6, '2024-01-09 13:37:48'),
(418, 30, 'r5H1sOqJ0U', 'P28', 0.4, '2024-01-09 13:37:48'),
(419, 30, 'r5H1sOqJ0U', 'P29', 0.4, '2024-01-09 13:37:48'),
(420, 30, 'r5H1sOqJ0U', 'P30', 0.0, '2024-01-09 13:37:48'),
(421, 30, 'r5H1sOqJ0U', 'P31', 0.4, '2024-01-09 13:37:48'),
(422, 30, 'r5H1sOqJ0U', 'P32', 0.4, '2024-01-09 13:37:48'),
(423, 30, 'r5H1sOqJ0U', 'P33', 0.8, '2024-01-09 13:37:48'),
(424, 30, 'r5H1sOqJ0U', 'P34', 0.2, '2024-01-09 13:37:48'),
(425, 30, 'r5H1sOqJ0U', 'P35', 0.6, '2024-01-09 13:37:48'),
(426, 30, 'r5H1sOqJ0U', 'P36', 0.8, '2024-01-09 13:37:48'),
(427, 30, 'r5H1sOqJ0U', 'P37', 1.0, '2024-01-09 13:37:48'),
(428, 30, 'r5H1sOqJ0U', 'P38', 0.8, '2024-01-09 13:37:48'),
(429, 30, 'r5H1sOqJ0U', 'P39', 0.2, '2024-01-09 13:37:48'),
(430, 30, 'r5H1sOqJ0U', 'P40', 0.0, '2024-01-09 13:37:48'),
(431, 30, 'r5H1sOqJ0U', 'P41', 0.2, '2024-01-09 13:37:48'),
(432, 30, 'r5H1sOqJ0U', 'P42', 0.6, '2024-01-09 13:37:48'),
(433, 30, 'r5H1sOqJ0U', 'P43', 0.4, '2024-01-09 13:37:48'),
(434, 30, 'r5H1sOqJ0U', 'P44', 0.6, '2024-01-09 13:37:48'),
(435, 30, 'r5H1sOqJ0U', 'P45', 0.4, '2024-01-09 13:37:48'),
(436, 30, 'r5H1sOqJ0U', 'P46', 0.6, '2024-01-09 13:37:48'),
(437, 30, 'r5H1sOqJ0U', 'P47', 0.4, '2024-01-09 13:37:48'),
(438, 30, 'r5H1sOqJ0U', 'P48', 0.8, '2024-01-09 13:37:48'),
(439, 30, 'r5H1sOqJ0U', 'P49', 0.4, '2024-01-09 13:37:48'),
(440, 30, 'r5H1sOqJ0U', 'P50', 0.2, '2024-01-09 13:37:48'),
(441, 30, 'r5H1sOqJ0U', 'P51', 0.4, '2024-01-09 13:37:48'),
(442, 30, 'r5H1sOqJ0U', 'P52', 0.6, '2024-01-09 13:37:48'),
(443, 30, 'r5H1sOqJ0U', 'P53', 0.4, '2024-01-09 13:37:48'),
(444, 30, 'r5H1sOqJ0U', 'P54', 0.8, '2024-01-09 13:37:48'),
(445, 30, 'r5H1sOqJ0U', 'P55', 0.6, '2024-01-09 13:37:48'),
(446, 30, 'r5H1sOqJ0U', 'P56', 0.4, '2024-01-09 13:37:48'),
(447, 30, 'r5H1sOqJ0U', 'P57', 0.2, '2024-01-09 13:37:48'),
(448, 30, 'r5H1sOqJ0U', 'P58', 0.4, '2024-01-09 13:37:48'),
(449, 30, 'r5H1sOqJ0U', 'P59', 0.2, '2024-01-09 13:37:48'),
(450, 30, 'r5H1sOqJ0U', 'P60', 0.8, '2024-01-09 13:37:48'),
(451, 31, 'v0NgKe2xOc', 'P01', 0.2, '2024-01-09 13:45:24'),
(452, 31, 'v0NgKe2xOc', 'P02', 0.0, '2024-01-09 13:45:24'),
(453, 31, 'v0NgKe2xOc', 'P03', 0.4, '2024-01-09 13:45:24'),
(454, 31, 'v0NgKe2xOc', 'P04', 0.0, '2024-01-09 13:45:24'),
(455, 31, 'v0NgKe2xOc', 'P05', 0.2, '2024-01-09 13:45:24'),
(456, 31, 'v0NgKe2xOc', 'P06', 0.4, '2024-01-09 13:45:24'),
(457, 31, 'v0NgKe2xOc', 'P07', 0.4, '2024-01-09 13:45:24'),
(458, 31, 'v0NgKe2xOc', 'P08', 0.6, '2024-01-09 13:45:24'),
(459, 31, 'v0NgKe2xOc', 'P09', 0.0, '2024-01-09 13:45:24'),
(460, 31, 'v0NgKe2xOc', 'P10', 0.0, '2024-01-09 13:45:24'),
(461, 31, 'v0NgKe2xOc', 'P11', 0.0, '2024-01-09 13:45:24'),
(462, 31, 'v0NgKe2xOc', 'P12', 0.2, '2024-01-09 13:45:24'),
(463, 31, 'v0NgKe2xOc', 'P13', 0.0, '2024-01-09 13:45:24'),
(464, 31, 'v0NgKe2xOc', 'P14', 0.2, '2024-01-09 13:45:24'),
(465, 31, 'v0NgKe2xOc', 'P15', 0.8, '2024-01-09 13:45:24'),
(466, 31, 'v0NgKe2xOc', 'P16', 0.4, '2024-01-09 13:45:24'),
(467, 31, 'v0NgKe2xOc', 'P17', 0.2, '2024-01-09 13:45:24'),
(468, 31, 'v0NgKe2xOc', 'P18', 0.4, '2024-01-09 13:45:24'),
(469, 31, 'v0NgKe2xOc', 'P19', 0.6, '2024-01-09 13:45:24'),
(470, 31, 'v0NgKe2xOc', 'P20', 0.4, '2024-01-09 13:45:24'),
(471, 31, 'v0NgKe2xOc', 'P21', 0.2, '2024-01-09 13:45:24'),
(472, 31, 'v0NgKe2xOc', 'P22', 0.0, '2024-01-09 13:45:24'),
(473, 31, 'v0NgKe2xOc', 'P23', 0.0, '2024-01-09 13:45:24'),
(474, 31, 'v0NgKe2xOc', 'P24', 0.2, '2024-01-09 13:45:24'),
(475, 31, 'v0NgKe2xOc', 'P25', 0.2, '2024-01-09 13:45:24'),
(476, 31, 'v0NgKe2xOc', 'P26', 1.0, '2024-01-09 13:45:24'),
(477, 31, 'v0NgKe2xOc', 'P27', 0.8, '2024-01-09 13:45:24'),
(478, 31, 'v0NgKe2xOc', 'P28', 0.0, '2024-01-09 13:45:24'),
(479, 31, 'v0NgKe2xOc', 'P29', 0.2, '2024-01-09 13:45:24'),
(480, 31, 'v0NgKe2xOc', 'P30', 0.0, '2024-01-09 13:45:24'),
(481, 31, 'v0NgKe2xOc', 'P31', 1.0, '2024-01-09 13:45:24'),
(482, 31, 'v0NgKe2xOc', 'P32', 0.0, '2024-01-09 13:45:24'),
(483, 31, 'v0NgKe2xOc', 'P33', 0.8, '2024-01-09 13:45:24'),
(484, 31, 'v0NgKe2xOc', 'P34', 0.4, '2024-01-09 13:45:24'),
(485, 31, 'v0NgKe2xOc', 'P35', 0.6, '2024-01-09 13:45:24'),
(486, 31, 'v0NgKe2xOc', 'P36', 0.2, '2024-01-09 13:45:24'),
(487, 31, 'v0NgKe2xOc', 'P37', 0.4, '2024-01-09 13:45:24'),
(488, 31, 'v0NgKe2xOc', 'P38', 0.6, '2024-01-09 13:45:24'),
(489, 31, 'v0NgKe2xOc', 'P39', 0.2, '2024-01-09 13:45:24'),
(490, 31, 'v0NgKe2xOc', 'P40', 0.0, '2024-01-09 13:45:24'),
(491, 31, 'v0NgKe2xOc', 'P41', 0.4, '2024-01-09 13:45:24'),
(492, 31, 'v0NgKe2xOc', 'P42', 0.6, '2024-01-09 13:45:24'),
(493, 31, 'v0NgKe2xOc', 'P43', 0.4, '2024-01-09 13:45:24'),
(494, 31, 'v0NgKe2xOc', 'P44', 0.2, '2024-01-09 13:45:24'),
(495, 31, 'v0NgKe2xOc', 'P45', 1.0, '2024-01-09 13:45:24'),
(496, 31, 'v0NgKe2xOc', 'P46', 1.0, '2024-01-09 13:45:24'),
(497, 31, 'v0NgKe2xOc', 'P47', 0.4, '2024-01-09 13:45:24'),
(498, 31, 'v0NgKe2xOc', 'P48', 1.0, '2024-01-09 13:45:24'),
(499, 31, 'v0NgKe2xOc', 'P49', 0.8, '2024-01-09 13:45:24'),
(500, 31, 'v0NgKe2xOc', 'P50', 0.8, '2024-01-09 13:45:24'),
(501, 31, 'v0NgKe2xOc', 'P51', 0.4, '2024-01-09 13:45:24'),
(502, 31, 'v0NgKe2xOc', 'P52', 0.8, '2024-01-09 13:45:24'),
(503, 31, 'v0NgKe2xOc', 'P53', 1.0, '2024-01-09 13:45:24'),
(504, 31, 'v0NgKe2xOc', 'P54', 0.8, '2024-01-09 13:45:24'),
(505, 31, 'v0NgKe2xOc', 'P55', 0.8, '2024-01-09 13:45:24'),
(506, 31, 'v0NgKe2xOc', 'P56', 0.8, '2024-01-09 13:45:24'),
(507, 31, 'v0NgKe2xOc', 'P57', 0.4, '2024-01-09 13:45:24'),
(508, 31, 'v0NgKe2xOc', 'P58', 0.6, '2024-01-09 13:45:24'),
(509, 31, 'v0NgKe2xOc', 'P59', 0.6, '2024-01-09 13:45:24'),
(510, 31, 'v0NgKe2xOc', 'P60', 1.0, '2024-01-09 13:45:24'),
(511, 32, 'nt9RH7gmYU', 'P01', 1.0, '2024-01-09 14:09:32'),
(512, 32, 'nt9RH7gmYU', 'P02', 0.8, '2024-01-09 14:09:32'),
(513, 32, 'nt9RH7gmYU', 'P03', 0.6, '2024-01-09 14:09:32'),
(514, 32, 'nt9RH7gmYU', 'P04', 0.6, '2024-01-09 14:09:32'),
(515, 32, 'nt9RH7gmYU', 'P06', 0.4, '2024-01-09 14:09:32'),
(516, 32, 'nt9RH7gmYU', 'P07', 0.8, '2024-01-09 14:09:32'),
(517, 32, 'nt9RH7gmYU', 'P08', 0.8, '2024-01-09 14:09:32'),
(518, 32, 'nt9RH7gmYU', 'P09', 0.8, '2024-01-09 14:09:32'),
(519, 32, 'nt9RH7gmYU', 'P10', 0.0, '2024-01-09 14:09:32'),
(520, 32, 'nt9RH7gmYU', 'P11', 0.2, '2024-01-09 14:09:32'),
(521, 32, 'nt9RH7gmYU', 'P12', 0.2, '2024-01-09 14:09:32'),
(522, 32, 'nt9RH7gmYU', 'P13', 0.6, '2024-01-09 14:09:32'),
(523, 32, 'nt9RH7gmYU', 'P14', 0.6, '2024-01-09 14:09:32'),
(524, 32, 'nt9RH7gmYU', 'P15', 0.2, '2024-01-09 14:09:32'),
(525, 32, 'nt9RH7gmYU', 'P16', 0.6, '2024-01-09 14:09:32'),
(526, 32, 'nt9RH7gmYU', 'P17', 0.8, '2024-01-09 14:09:32'),
(527, 32, 'nt9RH7gmYU', 'P18', 0.8, '2024-01-09 14:09:32'),
(528, 32, 'nt9RH7gmYU', 'P19', 1.0, '2024-01-09 14:09:32'),
(529, 32, 'nt9RH7gmYU', 'P20', 0.2, '2024-01-09 14:09:32'),
(530, 32, 'nt9RH7gmYU', 'P21', 0.8, '2024-01-09 14:09:32'),
(531, 32, 'nt9RH7gmYU', 'P22', 0.6, '2024-01-09 14:09:32'),
(532, 32, 'nt9RH7gmYU', 'P23', 0.4, '2024-01-09 14:09:32'),
(533, 32, 'nt9RH7gmYU', 'P24', 0.8, '2024-01-09 14:09:32'),
(534, 32, 'nt9RH7gmYU', 'P25', 0.8, '2024-01-09 14:09:32'),
(535, 32, 'nt9RH7gmYU', 'P26', 1.0, '2024-01-09 14:09:32'),
(536, 32, 'nt9RH7gmYU', 'P27', 1.0, '2024-01-09 14:09:32'),
(537, 32, 'nt9RH7gmYU', 'P28', 0.6, '2024-01-09 14:09:32'),
(538, 32, 'nt9RH7gmYU', 'P29', 0.2, '2024-01-09 14:09:32'),
(539, 32, 'nt9RH7gmYU', 'P30', 0.0, '2024-01-09 14:09:32'),
(540, 32, 'nt9RH7gmYU', 'P31', 1.0, '2024-01-09 14:09:32'),
(541, 32, 'nt9RH7gmYU', 'P32', 0.6, '2024-01-09 14:09:32'),
(542, 32, 'nt9RH7gmYU', 'P33', 0.8, '2024-01-09 14:09:32'),
(543, 32, 'nt9RH7gmYU', 'P34', 0.6, '2024-01-09 14:09:32'),
(544, 32, 'nt9RH7gmYU', 'P35', 0.2, '2024-01-09 14:09:32'),
(545, 32, 'nt9RH7gmYU', 'P36', 0.4, '2024-01-09 14:09:32'),
(546, 32, 'nt9RH7gmYU', 'P37', 0.8, '2024-01-09 14:09:32'),
(547, 32, 'nt9RH7gmYU', 'P38', 0.2, '2024-01-09 14:09:32'),
(548, 32, 'nt9RH7gmYU', 'P39', 0.4, '2024-01-09 14:09:32'),
(549, 32, 'nt9RH7gmYU', 'P40', 1.0, '2024-01-09 14:09:32'),
(550, 32, 'nt9RH7gmYU', 'P41', 0.8, '2024-01-09 14:09:32'),
(551, 32, 'nt9RH7gmYU', 'P42', 0.8, '2024-01-09 14:09:32'),
(552, 32, 'nt9RH7gmYU', 'P43', 0.4, '2024-01-09 14:09:32'),
(553, 32, 'nt9RH7gmYU', 'P44', 0.2, '2024-01-09 14:09:32'),
(554, 32, 'nt9RH7gmYU', 'P45', 1.0, '2024-01-09 14:09:32'),
(555, 32, 'nt9RH7gmYU', 'P46', 0.2, '2024-01-09 14:09:32'),
(556, 32, 'nt9RH7gmYU', 'P47', 0.4, '2024-01-09 14:09:32'),
(557, 32, 'nt9RH7gmYU', 'P48', 0.2, '2024-01-09 14:09:32'),
(558, 32, 'nt9RH7gmYU', 'P49', 0.2, '2024-01-09 14:09:32'),
(559, 32, 'nt9RH7gmYU', 'P50', 0.4, '2024-01-09 14:09:32'),
(560, 32, 'nt9RH7gmYU', 'P51', 0.6, '2024-01-09 14:09:32'),
(561, 32, 'nt9RH7gmYU', 'P52', 0.8, '2024-01-09 14:09:32'),
(562, 32, 'nt9RH7gmYU', 'P53', 0.0, '2024-01-09 14:09:32'),
(563, 32, 'nt9RH7gmYU', 'P54', 0.2, '2024-01-09 14:09:32'),
(564, 32, 'nt9RH7gmYU', 'P55', 0.6, '2024-01-09 14:09:32'),
(565, 32, 'nt9RH7gmYU', 'P56', 0.6, '2024-01-09 14:09:32'),
(566, 32, 'nt9RH7gmYU', 'P57', 0.8, '2024-01-09 14:09:32'),
(567, 32, 'nt9RH7gmYU', 'P58', 0.8, '2024-01-09 14:09:32'),
(568, 32, 'nt9RH7gmYU', 'P59', 0.2, '2024-01-09 14:09:32'),
(569, 32, 'nt9RH7gmYU', 'P60', 0.6, '2024-01-09 14:09:32'),
(570, 33, 'x3TN0g2iFZ', 'P01', 0.4, '2024-01-09 13:29:56'),
(571, 33, 'x3TN0g2iFZ', 'P02', 0.8, '2024-01-09 13:29:56'),
(572, 33, 'x3TN0g2iFZ', 'P03', 0.4, '2024-01-09 13:29:56'),
(573, 33, 'x3TN0g2iFZ', 'P04', 0.2, '2024-01-09 13:29:56'),
(574, 33, 'x3TN0g2iFZ', 'P05', 0.6, '2024-01-09 13:29:56'),
(575, 33, 'x3TN0g2iFZ', 'P06', 0.6, '2024-01-09 13:29:56'),
(576, 33, 'x3TN0g2iFZ', 'P07', 0.8, '2024-01-09 13:29:56'),
(577, 33, 'x3TN0g2iFZ', 'P08', 0.4, '2024-01-09 13:29:56'),
(578, 33, 'x3TN0g2iFZ', 'P09', 0.2, '2024-01-09 13:29:56'),
(579, 33, 'x3TN0g2iFZ', 'P10', 0.8, '2024-01-09 13:29:56'),
(580, 33, 'x3TN0g2iFZ', 'P11', 0.4, '2024-01-09 13:29:56'),
(581, 33, 'x3TN0g2iFZ', 'P12', 0.4, '2024-01-09 13:29:56'),
(582, 33, 'x3TN0g2iFZ', 'P13', 0.8, '2024-01-09 13:29:56'),
(583, 33, 'x3TN0g2iFZ', 'P14', 0.8, '2024-01-09 13:29:56'),
(584, 33, 'x3TN0g2iFZ', 'P15', 0.6, '2024-01-09 13:29:56'),
(585, 33, 'x3TN0g2iFZ', 'P16', 0.4, '2024-01-09 13:29:56'),
(586, 33, 'x3TN0g2iFZ', 'P17', 0.4, '2024-01-09 13:29:56'),
(587, 33, 'x3TN0g2iFZ', 'P18', 0.2, '2024-01-09 13:29:56'),
(588, 33, 'x3TN0g2iFZ', 'P19', 0.8, '2024-01-09 13:29:56'),
(589, 33, 'x3TN0g2iFZ', 'P20', 0.2, '2024-01-09 13:29:56'),
(590, 33, 'x3TN0g2iFZ', 'P21', 1.0, '2024-01-09 13:29:56'),
(591, 33, 'x3TN0g2iFZ', 'P22', 0.2, '2024-01-09 13:29:56'),
(592, 33, 'x3TN0g2iFZ', 'P23', 0.2, '2024-01-09 13:29:56'),
(593, 33, 'x3TN0g2iFZ', 'P24', 0.4, '2024-01-09 13:29:56'),
(594, 33, 'x3TN0g2iFZ', 'P25', 0.4, '2024-01-09 13:29:56'),
(595, 33, 'x3TN0g2iFZ', 'P26', 0.8, '2024-01-09 13:29:56'),
(596, 33, 'x3TN0g2iFZ', 'P27', 0.8, '2024-01-09 13:29:56'),
(597, 33, 'x3TN0g2iFZ', 'P28', 0.4, '2024-01-09 13:29:56'),
(598, 33, 'x3TN0g2iFZ', 'P29', 0.6, '2024-01-09 13:29:56'),
(599, 33, 'x3TN0g2iFZ', 'P30', 0.2, '2024-01-09 13:29:56'),
(600, 33, 'x3TN0g2iFZ', 'P31', 1.0, '2024-01-09 13:29:56'),
(601, 33, 'x3TN0g2iFZ', 'P32', 0.2, '2024-01-09 13:29:56'),
(602, 33, 'x3TN0g2iFZ', 'P33', 0.6, '2024-01-09 13:29:56'),
(603, 33, 'x3TN0g2iFZ', 'P34', 0.2, '2024-01-09 13:29:56'),
(604, 33, 'x3TN0g2iFZ', 'P35', 0.6, '2024-01-09 13:29:56'),
(605, 33, 'x3TN0g2iFZ', 'P36', 0.2, '2024-01-09 13:29:56'),
(606, 33, 'x3TN0g2iFZ', 'P37', 0.4, '2024-01-09 13:29:56'),
(607, 33, 'x3TN0g2iFZ', 'P38', 0.2, '2024-01-09 13:29:56'),
(608, 33, 'x3TN0g2iFZ', 'P39', 0.2, '2024-01-09 13:29:56'),
(609, 33, 'x3TN0g2iFZ', 'P40', 0.6, '2024-01-09 13:29:56'),
(610, 33, 'x3TN0g2iFZ', 'P41', 0.8, '2024-01-09 13:29:56'),
(611, 33, 'x3TN0g2iFZ', 'P42', 1.0, '2024-01-09 13:29:56'),
(612, 33, 'x3TN0g2iFZ', 'P43', 0.4, '2024-01-09 13:29:56'),
(613, 33, 'x3TN0g2iFZ', 'P44', 0.2, '2024-01-09 13:29:56'),
(614, 33, 'x3TN0g2iFZ', 'P45', 0.2, '2024-01-09 13:29:56'),
(615, 33, 'x3TN0g2iFZ', 'P46', 0.2, '2024-01-09 13:29:56'),
(616, 33, 'x3TN0g2iFZ', 'P47', 0.0, '2024-01-09 13:29:56'),
(617, 33, 'x3TN0g2iFZ', 'P48', 0.6, '2024-01-09 13:29:56'),
(618, 33, 'x3TN0g2iFZ', 'P49', 0.2, '2024-01-09 13:29:56'),
(619, 33, 'x3TN0g2iFZ', 'P50', 1.0, '2024-01-09 13:29:56'),
(620, 33, 'x3TN0g2iFZ', 'P51', 0.6, '2024-01-09 13:29:56'),
(621, 33, 'x3TN0g2iFZ', 'P52', 0.6, '2024-01-09 13:29:56'),
(622, 33, 'x3TN0g2iFZ', 'P53', 0.4, '2024-01-09 13:29:56'),
(623, 33, 'x3TN0g2iFZ', 'P54', 0.6, '2024-01-09 13:29:56'),
(624, 33, 'x3TN0g2iFZ', 'P55', 0.8, '2024-01-09 13:29:56'),
(625, 33, 'x3TN0g2iFZ', 'P56', 0.8, '2024-01-09 13:29:56'),
(626, 33, 'x3TN0g2iFZ', 'P57', 0.2, '2024-01-09 13:29:56'),
(627, 33, 'x3TN0g2iFZ', 'P58', 0.4, '2024-01-09 13:29:56'),
(628, 33, 'x3TN0g2iFZ', 'P59', 0.6, '2024-01-09 13:29:56'),
(629, 33, 'x3TN0g2iFZ', 'P60', 1.0, '2024-01-09 13:29:56'),
(630, 36, '9svaUiHlFf', 'P01', 0.2, '2024-01-09 11:35:09'),
(631, 36, '9svaUiHlFf', 'P02', 0.2, '2024-01-09 11:35:09'),
(632, 36, '9svaUiHlFf', 'P03', 0.4, '2024-01-09 11:35:09'),
(633, 36, '9svaUiHlFf', 'P04', 0.0, '2024-01-09 11:35:09'),
(634, 36, '9svaUiHlFf', 'P05', 0.0, '2024-01-09 11:35:09'),
(635, 36, '9svaUiHlFf', 'P06', 0.4, '2024-01-09 11:35:09'),
(636, 36, '9svaUiHlFf', 'P07', 0.4, '2024-01-09 11:35:09'),
(637, 36, '9svaUiHlFf', 'P08', 0.2, '2024-01-09 11:35:09'),
(638, 36, '9svaUiHlFf', 'P09', 0.6, '2024-01-09 11:35:09'),
(639, 36, '9svaUiHlFf', 'P11', 0.0, '2024-01-09 11:35:09'),
(640, 36, '9svaUiHlFf', 'P12', 0.0, '2024-01-09 11:35:09'),
(641, 36, '9svaUiHlFf', 'P13', 0.2, '2024-01-09 11:35:09'),
(642, 36, '9svaUiHlFf', 'P15', 1.0, '2024-01-09 11:35:09'),
(643, 36, '9svaUiHlFf', 'P16', 0.2, '2024-01-09 11:35:09'),
(644, 36, '9svaUiHlFf', 'P17', 0.8, '2024-01-09 11:35:09'),
(645, 36, '9svaUiHlFf', 'P18', 0.0, '2024-01-09 11:35:09'),
(646, 36, '9svaUiHlFf', 'P19', 0.4, '2024-01-09 11:35:09'),
(647, 36, '9svaUiHlFf', 'P20', 0.0, '2024-01-09 11:35:09'),
(648, 36, '9svaUiHlFf', 'P21', 0.6, '2024-01-09 11:35:09'),
(649, 36, '9svaUiHlFf', 'P22', 0.2, '2024-01-09 11:35:09'),
(650, 36, '9svaUiHlFf', 'P23', 0.2, '2024-01-09 11:35:09'),
(651, 36, '9svaUiHlFf', 'P24', 0.2, '2024-01-09 11:35:09'),
(652, 36, '9svaUiHlFf', 'P25', 0.2, '2024-01-09 11:35:09'),
(653, 36, '9svaUiHlFf', 'P26', 0.4, '2024-01-09 11:35:09'),
(654, 36, '9svaUiHlFf', 'P27', 0.4, '2024-01-09 11:35:09'),
(655, 36, '9svaUiHlFf', 'P28', 0.4, '2024-01-09 11:35:09'),
(656, 36, '9svaUiHlFf', 'P29', 0.4, '2024-01-09 11:35:09'),
(657, 36, '9svaUiHlFf', 'P30', 0.0, '2024-01-09 11:35:09'),
(658, 36, '9svaUiHlFf', 'P31', 1.0, '2024-01-09 11:35:09'),
(659, 36, '9svaUiHlFf', 'P32', 0.2, '2024-01-09 11:35:09'),
(660, 36, '9svaUiHlFf', 'P33', 0.4, '2024-01-09 11:35:09'),
(661, 36, '9svaUiHlFf', 'P34', 0.2, '2024-01-09 11:35:09'),
(662, 36, '9svaUiHlFf', 'P35', 0.2, '2024-01-09 11:35:09'),
(663, 36, '9svaUiHlFf', 'P36', 0.0, '2024-01-09 11:35:09'),
(664, 36, '9svaUiHlFf', 'P37', 0.6, '2024-01-09 11:35:09'),
(665, 36, '9svaUiHlFf', 'P38', 1.0, '2024-01-09 11:35:09'),
(666, 36, '9svaUiHlFf', 'P39', 0.2, '2024-01-09 11:35:09'),
(667, 36, '9svaUiHlFf', 'P40', 0.0, '2024-01-09 11:35:09'),
(668, 36, '9svaUiHlFf', 'P41', 0.2, '2024-01-09 11:35:09'),
(669, 36, '9svaUiHlFf', 'P42', 0.6, '2024-01-09 11:35:09'),
(670, 36, '9svaUiHlFf', 'P43', 0.4, '2024-01-09 11:35:09'),
(671, 36, '9svaUiHlFf', 'P44', 0.2, '2024-01-09 11:35:09'),
(672, 36, '9svaUiHlFf', 'P45', 0.4, '2024-01-09 11:35:09'),
(673, 36, '9svaUiHlFf', 'P46', 0.6, '2024-01-09 11:35:09'),
(674, 36, '9svaUiHlFf', 'P47', 0.2, '2024-01-09 11:35:09'),
(675, 36, '9svaUiHlFf', 'P48', 0.6, '2024-01-09 11:35:09'),
(676, 36, '9svaUiHlFf', 'P49', 0.2, '2024-01-09 11:35:09'),
(677, 36, '9svaUiHlFf', 'P50', 0.8, '2024-01-09 11:35:09'),
(678, 36, '9svaUiHlFf', 'P51', 0.8, '2024-01-09 11:35:09'),
(679, 36, '9svaUiHlFf', 'P52', 0.8, '2024-01-09 11:35:09'),
(680, 36, '9svaUiHlFf', 'P53', 0.6, '2024-01-09 11:35:09'),
(681, 36, '9svaUiHlFf', 'P54', 0.6, '2024-01-09 11:35:09'),
(682, 36, '9svaUiHlFf', 'P55', 0.6, '2024-01-09 11:35:09'),
(683, 36, '9svaUiHlFf', 'P56', 0.6, '2024-01-09 11:35:09'),
(684, 36, '9svaUiHlFf', 'P57', 0.0, '2024-01-09 11:35:09'),
(685, 36, '9svaUiHlFf', 'P58', 0.6, '2024-01-09 11:35:09'),
(686, 36, '9svaUiHlFf', 'P59', 1.0, '2024-01-09 11:35:09'),
(687, 36, '9svaUiHlFf', 'P60', 0.8, '2024-01-09 11:35:09'),
(688, 37, 'UWb7q4vaRh', 'P01', 0.8, '2024-01-09 13:32:30'),
(689, 37, 'UWb7q4vaRh', 'P02', 0.6, '2024-01-09 13:32:30'),
(690, 37, 'UWb7q4vaRh', 'P03', 0.6, '2024-01-09 13:32:30'),
(691, 37, 'UWb7q4vaRh', 'P04', 0.8, '2024-01-09 13:32:30'),
(692, 37, 'UWb7q4vaRh', 'P05', 0.6, '2024-01-09 13:32:30'),
(693, 37, 'UWb7q4vaRh', 'P06', 0.6, '2024-01-09 13:32:30'),
(694, 37, 'UWb7q4vaRh', 'P07', 0.4, '2024-01-09 13:32:30'),
(695, 37, 'UWb7q4vaRh', 'P08', 0.6, '2024-01-09 13:32:30'),
(696, 37, 'UWb7q4vaRh', 'P09', 0.2, '2024-01-09 13:32:30'),
(697, 37, 'UWb7q4vaRh', 'P11', 0.4, '2024-01-09 13:32:30'),
(698, 37, 'UWb7q4vaRh', 'P12', 0.6, '2024-01-09 13:32:30'),
(699, 37, 'UWb7q4vaRh', 'P13', 0.8, '2024-01-09 13:32:30'),
(700, 37, 'UWb7q4vaRh', 'P14', 0.4, '2024-01-09 13:32:30'),
(701, 37, 'UWb7q4vaRh', 'P15', 0.4, '2024-01-09 13:32:30'),
(702, 37, 'UWb7q4vaRh', 'P16', 0.4, '2024-01-09 13:32:30'),
(703, 37, 'UWb7q4vaRh', 'P17', 0.8, '2024-01-09 13:32:30'),
(704, 37, 'UWb7q4vaRh', 'P18', 0.0, '2024-01-09 13:32:30'),
(705, 37, 'UWb7q4vaRh', 'P19', 0.2, '2024-01-09 13:32:30'),
(706, 37, 'UWb7q4vaRh', 'P20', 0.0, '2024-01-09 13:32:30'),
(707, 37, 'UWb7q4vaRh', 'P21', 0.6, '2024-01-09 13:32:30'),
(708, 37, 'UWb7q4vaRh', 'P22', 0.2, '2024-01-09 13:32:30'),
(709, 37, 'UWb7q4vaRh', 'P23', 0.0, '2024-01-09 13:32:30'),
(710, 37, 'UWb7q4vaRh', 'P24', 0.2, '2024-01-09 13:32:30'),
(711, 37, 'UWb7q4vaRh', 'P25', 0.2, '2024-01-09 13:32:30'),
(712, 37, 'UWb7q4vaRh', 'P26', 0.6, '2024-01-09 13:32:30'),
(713, 37, 'UWb7q4vaRh', 'P27', 0.6, '2024-01-09 13:32:30'),
(714, 37, 'UWb7q4vaRh', 'P28', 0.0, '2024-01-09 13:32:30'),
(715, 37, 'UWb7q4vaRh', 'P29', 0.4, '2024-01-09 13:32:30'),
(716, 37, 'UWb7q4vaRh', 'P30', 0.2, '2024-01-09 13:32:30'),
(717, 37, 'UWb7q4vaRh', 'P31', 0.6, '2024-01-09 13:32:30'),
(718, 37, 'UWb7q4vaRh', 'P32', 0.0, '2024-01-09 13:32:30'),
(719, 37, 'UWb7q4vaRh', 'P33', 0.2, '2024-01-09 13:32:30'),
(720, 37, 'UWb7q4vaRh', 'P34', 0.0, '2024-01-09 13:32:30'),
(721, 37, 'UWb7q4vaRh', 'P35', 0.2, '2024-01-09 13:32:30'),
(722, 37, 'UWb7q4vaRh', 'P36', 0.8, '2024-01-09 13:32:30'),
(723, 37, 'UWb7q4vaRh', 'P37', 0.2, '2024-01-09 13:32:30'),
(724, 37, 'UWb7q4vaRh', 'P38', 0.6, '2024-01-09 13:32:30'),
(725, 37, 'UWb7q4vaRh', 'P39', 0.0, '2024-01-09 13:32:30'),
(726, 37, 'UWb7q4vaRh', 'P40', 0.2, '2024-01-09 13:32:30'),
(727, 37, 'UWb7q4vaRh', 'P41', 0.2, '2024-01-09 13:32:30'),
(728, 37, 'UWb7q4vaRh', 'P42', 0.8, '2024-01-09 13:32:30'),
(729, 37, 'UWb7q4vaRh', 'P43', 0.2, '2024-01-09 13:32:30'),
(730, 37, 'UWb7q4vaRh', 'P44', 0.2, '2024-01-09 13:32:30'),
(731, 37, 'UWb7q4vaRh', 'P45', 0.0, '2024-01-09 13:32:30'),
(732, 37, 'UWb7q4vaRh', 'P46', 0.8, '2024-01-09 13:32:30'),
(733, 37, 'UWb7q4vaRh', 'P47', 0.2, '2024-01-09 13:32:30'),
(734, 37, 'UWb7q4vaRh', 'P48', 0.6, '2024-01-09 13:32:30'),
(735, 37, 'UWb7q4vaRh', 'P49', 0.6, '2024-01-09 13:32:30'),
(736, 37, 'UWb7q4vaRh', 'P50', 0.6, '2024-01-09 13:32:30'),
(737, 37, 'UWb7q4vaRh', 'P51', 0.6, '2024-01-09 13:32:30'),
(738, 37, 'UWb7q4vaRh', 'P52', 0.8, '2024-01-09 13:32:30'),
(739, 37, 'UWb7q4vaRh', 'P53', 0.6, '2024-01-09 13:32:30'),
(740, 37, 'UWb7q4vaRh', 'P54', 0.6, '2024-01-09 13:32:30'),
(741, 37, 'UWb7q4vaRh', 'P55', 0.6, '2024-01-09 13:32:30'),
(742, 37, 'UWb7q4vaRh', 'P56', 0.6, '2024-01-09 13:32:30'),
(743, 37, 'UWb7q4vaRh', 'P57', 0.2, '2024-01-09 13:32:30'),
(744, 37, 'UWb7q4vaRh', 'P58', 0.6, '2024-01-09 13:32:30'),
(745, 37, 'UWb7q4vaRh', 'P59', 0.0, '2024-01-09 13:32:30'),
(746, 37, 'UWb7q4vaRh', 'P60', 0.8, '2024-01-09 13:32:30'),
(747, 38, 'cNuLf1FYRt', 'P01', 0.2, '2024-01-09 11:40:54'),
(748, 38, 'cNuLf1FYRt', 'P02', 0.2, '2024-01-09 11:40:54'),
(749, 38, 'cNuLf1FYRt', 'P03', 0.4, '2024-01-09 11:40:54'),
(750, 38, 'cNuLf1FYRt', 'P04', 0.2, '2024-01-09 11:40:54'),
(751, 38, 'cNuLf1FYRt', 'P05', 0.6, '2024-01-09 11:40:54'),
(752, 38, 'cNuLf1FYRt', 'P06', 0.2, '2024-01-09 11:40:54'),
(753, 38, 'cNuLf1FYRt', 'P07', 0.2, '2024-01-09 11:40:54'),
(754, 38, 'cNuLf1FYRt', 'P08', 0.2, '2024-01-09 11:40:54'),
(755, 38, 'cNuLf1FYRt', 'P09', 0.0, '2024-01-09 11:40:54'),
(756, 38, 'cNuLf1FYRt', 'P10', 0.2, '2024-01-09 11:40:54'),
(757, 38, 'cNuLf1FYRt', 'P11', 0.2, '2024-01-09 11:40:54'),
(758, 38, 'cNuLf1FYRt', 'P12', 0.2, '2024-01-09 11:40:54'),
(759, 38, 'cNuLf1FYRt', 'P13', 0.2, '2024-01-09 11:40:54'),
(760, 38, 'cNuLf1FYRt', 'P14', 0.2, '2024-01-09 11:40:54'),
(761, 38, 'cNuLf1FYRt', 'P15', 0.0, '2024-01-09 11:40:54'),
(762, 38, 'cNuLf1FYRt', 'P16', 0.4, '2024-01-09 11:40:54'),
(763, 38, 'cNuLf1FYRt', 'P17', 0.2, '2024-01-09 11:40:54'),
(764, 38, 'cNuLf1FYRt', 'P18', 0.0, '2024-01-09 11:40:54'),
(765, 38, 'cNuLf1FYRt', 'P19', 0.2, '2024-01-09 11:40:54'),
(766, 38, 'cNuLf1FYRt', 'P20', 0.4, '2024-01-09 11:40:54'),
(767, 38, 'cNuLf1FYRt', 'P21', 0.6, '2024-01-09 11:40:54'),
(768, 38, 'cNuLf1FYRt', 'P22', 0.0, '2024-01-09 11:40:54'),
(769, 38, 'cNuLf1FYRt', 'P23', 0.0, '2024-01-09 11:40:54'),
(770, 38, 'cNuLf1FYRt', 'P24', 0.4, '2024-01-09 11:40:54'),
(771, 38, 'cNuLf1FYRt', 'P25', 0.2, '2024-01-09 11:40:54'),
(772, 38, 'cNuLf1FYRt', 'P26', 0.6, '2024-01-09 11:40:54'),
(773, 38, 'cNuLf1FYRt', 'P27', 0.4, '2024-01-09 11:40:54'),
(774, 38, 'cNuLf1FYRt', 'P28', 0.4, '2024-01-09 11:40:54'),
(775, 38, 'cNuLf1FYRt', 'P29', 0.2, '2024-01-09 11:40:54'),
(776, 38, 'cNuLf1FYRt', 'P30', 0.0, '2024-01-09 11:40:54'),
(777, 38, 'cNuLf1FYRt', 'P31', 0.8, '2024-01-09 11:40:54'),
(778, 38, 'cNuLf1FYRt', 'P32', 0.0, '2024-01-09 11:40:54'),
(779, 38, 'cNuLf1FYRt', 'P33', 0.4, '2024-01-09 11:40:54'),
(780, 38, 'cNuLf1FYRt', 'P34', 0.2, '2024-01-09 11:40:54'),
(781, 38, 'cNuLf1FYRt', 'P35', 0.0, '2024-01-09 11:40:54'),
(782, 38, 'cNuLf1FYRt', 'P36', 0.2, '2024-01-09 11:40:54'),
(783, 38, 'cNuLf1FYRt', 'P37', 0.4, '2024-02-09 02:49:54'),
(784, 38, 'cNuLf1FYRt', 'P38', 1.0, '2024-01-09 11:40:54'),
(785, 38, 'cNuLf1FYRt', 'P39', 0.2, '2024-01-09 11:40:54'),
(786, 38, 'cNuLf1FYRt', 'P40', 0.0, '2024-01-09 11:40:54'),
(787, 38, 'cNuLf1FYRt', 'P41', 0.4, '2024-01-09 11:40:54'),
(788, 38, 'cNuLf1FYRt', 'P42', 0.8, '2024-01-09 11:40:54'),
(789, 38, 'cNuLf1FYRt', 'P43', 0.2, '2024-01-09 11:40:54'),
(790, 38, 'cNuLf1FYRt', 'P44', 0.0, '2024-01-09 11:40:54'),
(791, 38, 'cNuLf1FYRt', 'P45', 0.0, '2024-01-09 11:40:54'),
(792, 38, 'cNuLf1FYRt', 'P46', 0.8, '2024-01-09 11:40:54'),
(793, 38, 'cNuLf1FYRt', 'P47', 0.0, '2024-01-09 11:40:54'),
(794, 38, 'cNuLf1FYRt', 'P48', 0.6, '2024-01-09 11:40:54'),
(795, 38, 'cNuLf1FYRt', 'P49', 0.4, '2024-01-09 11:40:54'),
(796, 38, 'cNuLf1FYRt', 'P50', 0.6, '2024-01-09 11:40:54'),
(797, 38, 'cNuLf1FYRt', 'P51', 0.6, '2024-01-09 11:40:54'),
(798, 38, 'cNuLf1FYRt', 'P52', 0.2, '2024-01-09 11:40:54'),
(799, 38, 'cNuLf1FYRt', 'P53', 0.4, '2024-01-09 11:40:54'),
(800, 38, 'cNuLf1FYRt', 'P54', 0.6, '2024-01-09 11:40:54'),
(801, 38, 'cNuLf1FYRt', 'P55', 0.4, '2024-01-09 11:40:54'),
(802, 38, 'cNuLf1FYRt', 'P56', 0.4, '2024-01-09 11:40:54'),
(803, 38, 'cNuLf1FYRt', 'P57', 0.4, '2024-01-09 11:40:54'),
(804, 38, 'cNuLf1FYRt', 'P58', 0.4, '2024-01-09 11:40:54'),
(805, 38, 'cNuLf1FYRt', 'P59', 0.2, '2024-01-09 11:40:54'),
(806, 38, 'cNuLf1FYRt', 'P60', 0.6, '2024-01-09 11:40:54'),
(807, 39, 'kXmGhvNZlH', 'P01', 0.2, '2024-01-09 13:47:42'),
(808, 39, 'kXmGhvNZlH', 'P02', 0.2, '2024-01-09 13:47:42'),
(809, 39, 'kXmGhvNZlH', 'P03', 0.2, '2024-01-09 13:47:42'),
(810, 39, 'kXmGhvNZlH', 'P04', 0.2, '2024-01-09 13:47:42'),
(811, 39, 'kXmGhvNZlH', 'P05', 0.2, '2024-01-09 13:47:42'),
(812, 39, 'kXmGhvNZlH', 'P06', 0.2, '2024-01-09 13:47:42'),
(813, 39, 'kXmGhvNZlH', 'P07', 0.4, '2024-01-09 13:47:42'),
(814, 39, 'kXmGhvNZlH', 'P08', 0.4, '2024-01-09 13:47:42'),
(815, 39, 'kXmGhvNZlH', 'P09', 0.4, '2024-01-09 13:47:42'),
(816, 39, 'kXmGhvNZlH', 'P10', 0.2, '2024-01-09 13:47:42'),
(817, 39, 'kXmGhvNZlH', 'P11', 0.4, '2024-01-09 13:47:42'),
(818, 39, 'kXmGhvNZlH', 'P12', 0.6, '2024-01-09 13:47:42'),
(819, 39, 'kXmGhvNZlH', 'P13', 0.4, '2024-01-09 13:47:42'),
(820, 39, 'kXmGhvNZlH', 'P14', 0.4, '2024-01-09 13:47:42'),
(821, 39, 'kXmGhvNZlH', 'P15', 0.2, '2024-01-09 13:47:42'),
(822, 39, 'kXmGhvNZlH', 'P16', 0.4, '2024-01-09 13:47:42'),
(823, 39, 'kXmGhvNZlH', 'P17', 0.4, '2024-01-09 13:47:42'),
(824, 39, 'kXmGhvNZlH', 'P18', 0.4, '2024-01-09 13:47:42'),
(825, 39, 'kXmGhvNZlH', 'P19', 0.6, '2024-01-09 13:47:42'),
(826, 39, 'kXmGhvNZlH', 'P20', 0.6, '2024-01-09 13:47:42'),
(827, 39, 'kXmGhvNZlH', 'P21', 1.0, '2024-01-09 13:47:42'),
(828, 39, 'kXmGhvNZlH', 'P22', 0.4, '2024-01-09 13:47:42'),
(829, 39, 'kXmGhvNZlH', 'P23', 0.6, '2024-01-09 13:47:42'),
(830, 39, 'kXmGhvNZlH', 'P24', 0.6, '2024-01-09 13:47:42'),
(831, 39, 'kXmGhvNZlH', 'P25', 0.6, '2024-01-09 13:47:42'),
(832, 39, 'kXmGhvNZlH', 'P26', 0.8, '2024-01-09 13:47:42'),
(833, 39, 'kXmGhvNZlH', 'P27', 1.0, '2024-01-09 13:47:42'),
(834, 39, 'kXmGhvNZlH', 'P28', 0.6, '2024-01-09 13:47:42'),
(835, 39, 'kXmGhvNZlH', 'P29', 0.4, '2024-01-09 13:47:42'),
(836, 39, 'kXmGhvNZlH', 'P30', 0.4, '2024-01-09 13:47:42'),
(837, 39, 'kXmGhvNZlH', 'P31', 0.8, '2024-01-09 13:47:42'),
(838, 39, 'kXmGhvNZlH', 'P32', 0.6, '2024-01-09 13:47:42'),
(839, 39, 'kXmGhvNZlH', 'P33', 0.8, '2024-01-09 13:47:42'),
(840, 39, 'kXmGhvNZlH', 'P34', 0.4, '2024-01-09 13:47:42'),
(841, 39, 'kXmGhvNZlH', 'P35', 0.0, '2024-01-09 13:47:42'),
(842, 39, 'kXmGhvNZlH', 'P36', 0.4, '2024-01-09 13:47:42'),
(843, 39, 'kXmGhvNZlH', 'P37', 0.4, '2024-01-09 13:47:42'),
(844, 39, 'kXmGhvNZlH', 'P38', 0.2, '2024-01-09 13:47:42'),
(845, 39, 'kXmGhvNZlH', 'P39', 0.2, '2024-01-09 13:47:42'),
(846, 39, 'kXmGhvNZlH', 'P40', 0.6, '2024-01-09 13:47:42'),
(847, 39, 'kXmGhvNZlH', 'P41', 0.6, '2024-01-09 13:47:42'),
(848, 39, 'kXmGhvNZlH', 'P42', 0.4, '2024-01-09 13:47:42'),
(849, 39, 'kXmGhvNZlH', 'P43', 0.2, '2024-01-09 13:47:42'),
(850, 39, 'kXmGhvNZlH', 'P44', 0.4, '2024-01-09 13:47:42'),
(851, 39, 'kXmGhvNZlH', 'P45', 0.4, '2024-01-09 13:47:42'),
(852, 39, 'kXmGhvNZlH', 'P46', 0.2, '2024-01-09 13:47:42'),
(853, 39, 'kXmGhvNZlH', 'P47', 0.2, '2024-01-09 13:47:42'),
(854, 39, 'kXmGhvNZlH', 'P48', 0.2, '2024-01-09 13:47:42'),
(855, 39, 'kXmGhvNZlH', 'P50', 0.4, '2024-01-09 13:47:42'),
(856, 39, 'kXmGhvNZlH', 'P51', 0.2, '2024-01-09 13:47:42'),
(857, 39, 'kXmGhvNZlH', 'P52', 0.2, '2024-01-09 13:47:42'),
(858, 39, 'kXmGhvNZlH', 'P53', 0.0, '2024-01-09 13:47:42'),
(859, 39, 'kXmGhvNZlH', 'P54', 0.4, '2024-01-09 13:47:42'),
(860, 39, 'kXmGhvNZlH', 'P55', 0.4, '2024-01-09 13:47:42'),
(861, 39, 'kXmGhvNZlH', 'P56', 0.2, '2024-01-09 13:47:42'),
(862, 39, 'kXmGhvNZlH', 'P57', 0.2, '2024-01-09 13:47:42'),
(863, 39, 'kXmGhvNZlH', 'P58', 0.4, '2024-01-09 13:47:42'),
(864, 39, 'kXmGhvNZlH', 'P59', 0.4, '2024-01-09 13:47:42'),
(865, 39, 'kXmGhvNZlH', 'P60', 0.6, '2024-01-09 13:47:42'),
(866, 40, 'ckiVlWa3pJ', 'P01', 0.2, '2024-01-09 11:15:34'),
(867, 40, 'ckiVlWa3pJ', 'P02', 0.4, '2024-01-09 11:15:34'),
(868, 40, 'ckiVlWa3pJ', 'P03', 0.4, '2024-01-09 11:15:34'),
(869, 40, 'ckiVlWa3pJ', 'P04', 0.4, '2024-01-09 11:15:34'),
(870, 40, 'ckiVlWa3pJ', 'P05', 0.4, '2024-01-09 11:15:34'),
(871, 40, 'ckiVlWa3pJ', 'P06', 0.4, '2024-01-09 11:15:34'),
(872, 40, 'ckiVlWa3pJ', 'P07', 0.4, '2024-01-09 11:15:34'),
(873, 40, 'ckiVlWa3pJ', 'P08', 0.4, '2024-01-09 11:15:34'),
(874, 40, 'ckiVlWa3pJ', 'P09', 0.4, '2024-01-09 11:15:34'),
(875, 40, 'ckiVlWa3pJ', 'P10', 0.2, '2024-01-09 11:15:34'),
(876, 40, 'ckiVlWa3pJ', 'P11', 0.4, '2024-01-09 11:15:34'),
(877, 40, 'ckiVlWa3pJ', 'P12', 0.4, '2024-01-09 11:15:34'),
(878, 40, 'ckiVlWa3pJ', 'P13', 0.4, '2024-01-09 11:15:34'),
(879, 40, 'ckiVlWa3pJ', 'P14', 0.2, '2024-01-09 11:15:34'),
(880, 40, 'ckiVlWa3pJ', 'P15', 0.4, '2024-01-09 11:15:34'),
(881, 40, 'ckiVlWa3pJ', 'P16', 0.2, '2024-01-09 11:15:34'),
(882, 40, 'ckiVlWa3pJ', 'P17', 0.2, '2024-01-09 11:15:34'),
(883, 40, 'ckiVlWa3pJ', 'P18', 0.0, '2024-01-09 11:15:34'),
(884, 40, 'ckiVlWa3pJ', 'P19', 0.6, '2024-01-09 11:15:34'),
(885, 40, 'ckiVlWa3pJ', 'P20', 0.0, '2024-01-09 11:15:34'),
(886, 40, 'ckiVlWa3pJ', 'P21', 0.2, '2024-01-09 11:15:34'),
(887, 40, 'ckiVlWa3pJ', 'P22', 0.4, '2024-01-09 11:15:34'),
(888, 40, 'ckiVlWa3pJ', 'P23', 0.2, '2024-01-09 11:15:34'),
(889, 40, 'ckiVlWa3pJ', 'P24', 0.0, '2024-01-09 11:15:34'),
(890, 40, 'ckiVlWa3pJ', 'P25', 0.2, '2024-01-09 11:15:34'),
(891, 40, 'ckiVlWa3pJ', 'P26', 0.2, '2024-01-09 11:15:34'),
(892, 40, 'ckiVlWa3pJ', 'P27', 0.0, '2024-01-09 11:15:34'),
(893, 40, 'ckiVlWa3pJ', 'P28', 0.0, '2024-01-09 11:15:34'),
(894, 40, 'ckiVlWa3pJ', 'P29', 0.0, '2024-01-09 11:15:34'),
(895, 40, 'ckiVlWa3pJ', 'P30', 0.2, '2024-01-09 11:15:34'),
(896, 40, 'ckiVlWa3pJ', 'P31', 0.8, '2024-01-09 11:15:34'),
(897, 40, 'ckiVlWa3pJ', 'P32', 0.2, '2024-01-09 11:15:34'),
(898, 40, 'ckiVlWa3pJ', 'P33', 0.6, '2024-01-09 11:15:34'),
(899, 40, 'ckiVlWa3pJ', 'P34', 0.6, '2024-01-09 11:15:34'),
(900, 40, 'ckiVlWa3pJ', 'P35', 0.2, '2024-01-09 11:15:34'),
(901, 40, 'ckiVlWa3pJ', 'P36', 0.8, '2024-01-09 11:15:34'),
(902, 40, 'ckiVlWa3pJ', 'P37', 0.4, '2024-01-09 11:15:34'),
(903, 40, 'ckiVlWa3pJ', 'P38', 0.4, '2024-01-09 11:15:34'),
(904, 40, 'ckiVlWa3pJ', 'P39', 0.4, '2024-01-09 11:15:34'),
(905, 40, 'ckiVlWa3pJ', 'P40', 0.2, '2024-01-09 11:15:34'),
(906, 40, 'ckiVlWa3pJ', 'P41', 0.4, '2024-01-09 11:15:34'),
(907, 40, 'ckiVlWa3pJ', 'P42', 0.4, '2024-01-09 11:15:34'),
(908, 40, 'ckiVlWa3pJ', 'P43', 0.2, '2024-01-09 11:15:34'),
(909, 40, 'ckiVlWa3pJ', 'P44', 0.0, '2024-01-09 11:15:34'),
(910, 40, 'ckiVlWa3pJ', 'P45', 0.2, '2024-01-09 11:15:34'),
(911, 40, 'ckiVlWa3pJ', 'P46', 0.4, '2024-01-09 11:15:34'),
(912, 40, 'ckiVlWa3pJ', 'P47', 0.4, '2024-01-09 11:15:34'),
(913, 40, 'ckiVlWa3pJ', 'P48', 0.6, '2024-01-09 11:15:34'),
(914, 40, 'ckiVlWa3pJ', 'P49', 0.6, '2024-01-09 11:15:34'),
(915, 40, 'ckiVlWa3pJ', 'P50', 0.6, '2024-01-09 11:15:34'),
(916, 40, 'ckiVlWa3pJ', 'P51', 0.6, '2024-01-09 11:15:34'),
(917, 40, 'ckiVlWa3pJ', 'P52', 0.6, '2024-01-09 11:15:34'),
(918, 40, 'ckiVlWa3pJ', 'P53', 0.6, '2024-01-09 11:15:34'),
(919, 40, 'ckiVlWa3pJ', 'P54', 0.6, '2024-01-09 11:15:34'),
(920, 40, 'ckiVlWa3pJ', 'P55', 0.6, '2024-01-09 11:15:34'),
(921, 40, 'ckiVlWa3pJ', 'P56', 0.4, '2024-01-09 11:15:34');
INSERT INTO `diagnosa` (`id`, `id_user`, `diagnosa_id`, `kode_pernyataan`, `cf_user`, `created_at`) VALUES
(922, 40, 'ckiVlWa3pJ', 'P57', 0.2, '2024-01-09 11:15:34'),
(923, 40, 'ckiVlWa3pJ', 'P58', 0.6, '2024-01-09 11:15:34'),
(924, 40, 'ckiVlWa3pJ', 'P59', 0.6, '2024-01-09 11:15:34'),
(925, 40, 'ckiVlWa3pJ', 'P60', 0.8, '2024-01-09 11:15:34'),
(926, 41, 'IwLP6JFdze', 'P01', 0.2, '2024-01-09 10:43:18'),
(927, 41, 'IwLP6JFdze', 'P02', 0.4, '2024-01-09 10:43:18'),
(928, 41, 'IwLP6JFdze', 'P03', 0.4, '2024-01-09 10:43:18'),
(929, 41, 'IwLP6JFdze', 'P04', 0.4, '2024-01-09 10:43:18'),
(930, 41, 'IwLP6JFdze', 'P05', 0.4, '2024-01-09 10:43:18'),
(931, 41, 'IwLP6JFdze', 'P06', 0.4, '2024-01-09 10:43:18'),
(932, 41, 'IwLP6JFdze', 'P07', 0.4, '2024-01-09 10:43:18'),
(933, 41, 'IwLP6JFdze', 'P08', 0.2, '2024-01-09 10:43:18'),
(934, 41, 'IwLP6JFdze', 'P09', 0.2, '2024-01-09 10:43:18'),
(935, 41, 'IwLP6JFdze', 'P10', 0.4, '2024-01-09 10:43:18'),
(936, 41, 'IwLP6JFdze', 'P11', 0.4, '2024-01-09 10:43:18'),
(937, 41, 'IwLP6JFdze', 'P12', 0.4, '2024-01-09 10:43:18'),
(938, 41, 'IwLP6JFdze', 'P13', 0.4, '2024-01-09 10:43:18'),
(939, 41, 'IwLP6JFdze', 'P14', 0.4, '2024-01-09 10:43:18'),
(940, 41, 'IwLP6JFdze', 'P15', 0.4, '2024-01-09 10:43:18'),
(941, 41, 'IwLP6JFdze', 'P16', 0.4, '2024-01-09 10:43:18'),
(942, 41, 'IwLP6JFdze', 'P17', 0.4, '2024-01-09 10:43:18'),
(943, 41, 'IwLP6JFdze', 'P18', 0.4, '2024-01-09 10:43:18'),
(944, 41, 'IwLP6JFdze', 'P19', 0.4, '2024-01-09 10:43:18'),
(945, 41, 'IwLP6JFdze', 'P20', 0.4, '2024-01-09 10:43:18'),
(946, 41, 'IwLP6JFdze', 'P21', 0.8, '2024-01-09 10:43:18'),
(947, 41, 'IwLP6JFdze', 'P22', 0.4, '2024-01-09 10:43:18'),
(948, 41, 'IwLP6JFdze', 'P23', 0.2, '2024-01-09 10:43:18'),
(949, 41, 'IwLP6JFdze', 'P24', 0.6, '2024-01-09 10:43:18'),
(950, 41, 'IwLP6JFdze', 'P25', 0.6, '2024-01-09 10:43:18'),
(951, 41, 'IwLP6JFdze', 'P26', 0.8, '2024-01-09 10:43:18'),
(952, 41, 'IwLP6JFdze', 'P27', 0.8, '2024-01-09 10:43:18'),
(953, 41, 'IwLP6JFdze', 'P28', 0.4, '2024-01-09 10:43:18'),
(954, 41, 'IwLP6JFdze', 'P29', 0.4, '2024-01-09 10:43:18'),
(955, 41, 'IwLP6JFdze', 'P30', 0.4, '2024-01-09 10:43:18'),
(956, 41, 'IwLP6JFdze', 'P31', 0.8, '2024-01-09 10:43:18'),
(957, 41, 'IwLP6JFdze', 'P32', 0.4, '2024-01-09 10:43:18'),
(958, 41, 'IwLP6JFdze', 'P34', 0.6, '2024-01-09 10:43:18'),
(959, 41, 'IwLP6JFdze', 'P35', 0.4, '2024-01-09 10:43:18'),
(960, 41, 'IwLP6JFdze', 'P36', 0.4, '2024-01-09 10:43:18'),
(961, 41, 'IwLP6JFdze', 'P37', 0.4, '2024-01-09 10:43:18'),
(962, 41, 'IwLP6JFdze', 'P38', 0.6, '2024-01-09 10:43:18'),
(963, 41, 'IwLP6JFdze', 'P39', 0.2, '2024-01-09 10:43:18'),
(964, 41, 'IwLP6JFdze', 'P40', 0.2, '2024-01-09 10:43:18'),
(965, 41, 'IwLP6JFdze', 'P41', 0.4, '2024-01-09 10:43:18'),
(966, 41, 'IwLP6JFdze', 'P42', 0.6, '2024-01-09 10:43:18'),
(967, 41, 'IwLP6JFdze', 'P43', 0.2, '2024-01-09 10:43:18'),
(968, 41, 'IwLP6JFdze', 'P44', 0.2, '2024-01-09 10:43:18'),
(969, 41, 'IwLP6JFdze', 'P45', 0.2, '2024-01-09 10:43:18'),
(970, 41, 'IwLP6JFdze', 'P46', 0.8, '2024-01-09 10:43:18'),
(971, 41, 'IwLP6JFdze', 'P47', 0.4, '2024-01-09 10:43:18'),
(972, 41, 'IwLP6JFdze', 'P48', 0.6, '2024-01-09 10:43:18'),
(973, 41, 'IwLP6JFdze', 'P49', 0.6, '2024-01-09 10:43:18'),
(974, 41, 'IwLP6JFdze', 'P50', 0.6, '2024-01-09 10:43:18'),
(975, 41, 'IwLP6JFdze', 'P51', 0.6, '2024-01-09 10:43:18'),
(976, 41, 'IwLP6JFdze', 'P52', 0.6, '2024-01-09 10:43:18'),
(977, 41, 'IwLP6JFdze', 'P53', 0.2, '2024-01-09 10:43:18'),
(978, 41, 'IwLP6JFdze', 'P54', 0.6, '2024-01-09 10:43:18'),
(979, 41, 'IwLP6JFdze', 'P55', 0.4, '2024-01-09 10:43:18'),
(980, 41, 'IwLP6JFdze', 'P56', 0.4, '2024-01-09 10:43:18'),
(981, 41, 'IwLP6JFdze', 'P57', 0.2, '2024-01-09 10:43:18'),
(982, 41, 'IwLP6JFdze', 'P58', 0.4, '2024-01-09 10:43:18'),
(983, 41, 'IwLP6JFdze', 'P59', 0.4, '2024-01-09 10:43:18'),
(984, 41, 'IwLP6JFdze', 'P60', 0.6, '2024-01-09 10:43:18'),
(985, 42, 'C3BxefVF4Z', 'P01', 1.0, '2024-01-09 10:50:56'),
(986, 42, 'C3BxefVF4Z', 'P02', 0.8, '2024-01-09 10:50:56'),
(987, 42, 'C3BxefVF4Z', 'P03', 0.4, '2024-01-09 10:50:56'),
(988, 42, 'C3BxefVF4Z', 'P04', 0.4, '2024-01-09 10:50:56'),
(989, 42, 'C3BxefVF4Z', 'P05', 0.8, '2024-01-09 10:50:56'),
(990, 42, 'C3BxefVF4Z', 'P06', 0.4, '2024-01-09 10:50:56'),
(991, 42, 'C3BxefVF4Z', 'P07', 0.4, '2024-01-09 10:50:56'),
(992, 42, 'C3BxefVF4Z', 'P08', 0.8, '2024-01-09 10:50:56'),
(993, 42, 'C3BxefVF4Z', 'P09', 0.2, '2024-01-09 10:50:56'),
(994, 42, 'C3BxefVF4Z', 'P10', 0.4, '2024-01-09 10:50:56'),
(995, 42, 'C3BxefVF4Z', 'P11', 0.4, '2024-01-09 10:50:56'),
(996, 42, 'C3BxefVF4Z', 'P12', 0.4, '2024-01-09 10:50:56'),
(997, 42, 'C3BxefVF4Z', 'P13', 0.6, '2024-01-09 10:50:56'),
(998, 42, 'C3BxefVF4Z', 'P14', 0.4, '2024-01-09 10:50:56'),
(999, 42, 'C3BxefVF4Z', 'P15', 0.4, '2024-01-09 10:50:56'),
(1000, 42, 'C3BxefVF4Z', 'P16', 0.6, '2024-01-09 10:50:56'),
(1001, 42, 'C3BxefVF4Z', 'P17', 0.6, '2024-01-09 10:50:56'),
(1002, 42, 'C3BxefVF4Z', 'P18', 0.2, '2024-01-09 10:50:56'),
(1003, 42, 'C3BxefVF4Z', 'P19', 0.8, '2024-01-09 10:50:56'),
(1004, 42, 'C3BxefVF4Z', 'P20', 0.4, '2024-01-09 10:50:56'),
(1005, 42, 'C3BxefVF4Z', 'P21', 0.8, '2024-01-09 10:50:56'),
(1006, 42, 'C3BxefVF4Z', 'P22', 0.2, '2024-01-09 10:50:56'),
(1007, 42, 'C3BxefVF4Z', 'P23', 0.2, '2024-01-09 10:50:56'),
(1008, 42, 'C3BxefVF4Z', 'P24', 0.2, '2024-01-09 10:50:56'),
(1009, 42, 'C3BxefVF4Z', 'P25', 0.2, '2024-01-09 10:50:56'),
(1010, 42, 'C3BxefVF4Z', 'P26', 0.6, '2024-01-09 10:50:56'),
(1011, 42, 'C3BxefVF4Z', 'P27', 0.8, '2024-01-09 10:50:56'),
(1012, 42, 'C3BxefVF4Z', 'P28', 0.0, '2024-01-09 10:50:56'),
(1013, 42, 'C3BxefVF4Z', 'P29', 0.4, '2024-01-09 10:50:56'),
(1014, 42, 'C3BxefVF4Z', 'P30', 0.0, '2024-01-09 10:50:56'),
(1015, 42, 'C3BxefVF4Z', 'P31', 0.8, '2024-01-09 10:50:56'),
(1016, 42, 'C3BxefVF4Z', 'P32', 0.0, '2024-01-09 10:50:56'),
(1017, 42, 'C3BxefVF4Z', 'P33', 0.2, '2024-01-09 10:50:56'),
(1018, 42, 'C3BxefVF4Z', 'P34', 0.6, '2024-01-09 10:50:56'),
(1019, 42, 'C3BxefVF4Z', 'P36', 0.2, '2024-01-09 10:50:56'),
(1020, 42, 'C3BxefVF4Z', 'P37', 0.4, '2024-01-09 10:50:56'),
(1021, 42, 'C3BxefVF4Z', 'P38', 0.2, '2024-01-09 10:50:56'),
(1022, 42, 'C3BxefVF4Z', 'P39', 0.4, '2024-01-09 10:50:56'),
(1023, 42, 'C3BxefVF4Z', 'P40', 0.2, '2024-01-09 10:50:56'),
(1024, 42, 'C3BxefVF4Z', 'P41', 0.4, '2024-01-09 10:50:56'),
(1025, 42, 'C3BxefVF4Z', 'P42', 0.2, '2024-01-09 10:50:56'),
(1026, 42, 'C3BxefVF4Z', 'P43', 0.0, '2024-01-09 10:50:56'),
(1027, 42, 'C3BxefVF4Z', 'P44', 0.0, '2024-01-09 10:50:56'),
(1028, 42, 'C3BxefVF4Z', 'P45', 0.8, '2024-01-09 10:50:56'),
(1029, 42, 'C3BxefVF4Z', 'P46', 0.6, '2024-01-09 10:50:56'),
(1030, 42, 'C3BxefVF4Z', 'P47', 0.2, '2024-01-09 10:50:56'),
(1031, 42, 'C3BxefVF4Z', 'P48', 0.2, '2024-01-09 10:50:56'),
(1032, 42, 'C3BxefVF4Z', 'P49', 0.2, '2024-01-09 10:50:56'),
(1033, 42, 'C3BxefVF4Z', 'P50', 0.2, '2024-01-09 10:50:56'),
(1034, 42, 'C3BxefVF4Z', 'P51', 0.6, '2024-01-09 10:50:56'),
(1035, 42, 'C3BxefVF4Z', 'P53', 0.8, '2024-01-09 10:50:56'),
(1036, 42, 'C3BxefVF4Z', 'P54', 0.6, '2024-01-09 10:50:56'),
(1037, 42, 'C3BxefVF4Z', 'P55', 0.6, '2024-01-09 10:50:56'),
(1038, 42, 'C3BxefVF4Z', 'P56', 0.6, '2024-01-09 10:50:56'),
(1039, 42, 'C3BxefVF4Z', 'P57', 0.2, '2024-01-09 10:50:56'),
(1040, 42, 'C3BxefVF4Z', 'P58', 0.6, '2024-01-09 10:50:56'),
(1041, 42, 'C3BxefVF4Z', 'P59', 0.6, '2024-01-09 10:50:56'),
(1042, 42, 'C3BxefVF4Z', 'P60', 0.8, '2024-01-09 10:50:56'),
(1043, 43, 'K4k6dWz7yZ', 'P01', 0.2, '2024-01-09 10:57:48'),
(1044, 43, 'K4k6dWz7yZ', 'P02', 0.2, '2024-01-09 10:57:48'),
(1045, 43, 'K4k6dWz7yZ', 'P03', 0.2, '2024-01-09 10:57:48'),
(1046, 43, 'K4k6dWz7yZ', 'P04', 0.2, '2024-01-09 10:57:48'),
(1047, 43, 'K4k6dWz7yZ', 'P05', 0.0, '2024-01-09 10:57:48'),
(1048, 43, 'K4k6dWz7yZ', 'P06', 0.4, '2024-01-09 10:57:48'),
(1049, 43, 'K4k6dWz7yZ', 'P07', 0.4, '2024-01-09 10:57:48'),
(1050, 43, 'K4k6dWz7yZ', 'P08', 0.4, '2024-01-09 10:57:48'),
(1051, 43, 'K4k6dWz7yZ', 'P09', 0.4, '2024-01-09 10:57:48'),
(1052, 43, 'K4k6dWz7yZ', 'P10', 0.2, '2024-01-09 10:57:48'),
(1053, 43, 'K4k6dWz7yZ', 'P11', 0.2, '2024-01-09 10:57:48'),
(1054, 43, 'K4k6dWz7yZ', 'P12', 0.2, '2024-01-09 10:57:48'),
(1055, 43, 'K4k6dWz7yZ', 'P13', 0.4, '2024-01-09 10:57:48'),
(1056, 43, 'K4k6dWz7yZ', 'P14', 0.2, '2024-01-09 10:57:48'),
(1057, 43, 'K4k6dWz7yZ', 'P15', 0.4, '2024-01-09 10:57:48'),
(1058, 43, 'K4k6dWz7yZ', 'P16', 0.2, '2024-01-09 10:57:48'),
(1059, 43, 'K4k6dWz7yZ', 'P17', 0.2, '2024-01-09 10:57:48'),
(1060, 43, 'K4k6dWz7yZ', 'P18', 0.2, '2024-01-09 10:57:48'),
(1061, 43, 'K4k6dWz7yZ', 'P19', 0.8, '2024-01-09 10:57:48'),
(1062, 43, 'K4k6dWz7yZ', 'P20', 0.4, '2024-01-09 10:57:48'),
(1063, 43, 'K4k6dWz7yZ', 'P21', 0.2, '2024-01-09 10:57:48'),
(1064, 43, 'K4k6dWz7yZ', 'P22', 0.4, '2024-01-09 10:57:48'),
(1065, 43, 'K4k6dWz7yZ', 'P23', 0.4, '2024-01-09 10:57:48'),
(1066, 43, 'K4k6dWz7yZ', 'P24', 0.2, '2024-01-09 10:57:48'),
(1067, 43, 'K4k6dWz7yZ', 'P25', 0.2, '2024-01-09 10:57:48'),
(1068, 43, 'K4k6dWz7yZ', 'P26', 0.8, '2024-01-09 10:57:48'),
(1069, 43, 'K4k6dWz7yZ', 'P27', 0.8, '2024-01-09 10:57:48'),
(1070, 43, 'K4k6dWz7yZ', 'P28', 0.2, '2024-01-09 10:57:48'),
(1071, 43, 'K4k6dWz7yZ', 'P29', 0.4, '2024-01-09 10:57:48'),
(1072, 43, 'K4k6dWz7yZ', 'P30', 0.2, '2024-01-09 10:57:48'),
(1073, 43, 'K4k6dWz7yZ', 'P31', 1.0, '2024-01-09 10:57:48'),
(1074, 43, 'K4k6dWz7yZ', 'P32', 0.2, '2024-01-09 10:57:48'),
(1075, 43, 'K4k6dWz7yZ', 'P34', 0.6, '2024-01-09 10:57:48'),
(1076, 43, 'K4k6dWz7yZ', 'P35', 0.2, '2024-01-09 10:57:48'),
(1077, 43, 'K4k6dWz7yZ', 'P36', 0.6, '2024-01-09 10:57:48'),
(1078, 43, 'K4k6dWz7yZ', 'P37', 0.2, '2024-01-09 10:57:48'),
(1079, 43, 'K4k6dWz7yZ', 'P38', 0.6, '2024-01-09 10:57:48'),
(1080, 43, 'K4k6dWz7yZ', 'P39', 0.4, '2024-01-09 10:57:48'),
(1081, 43, 'K4k6dWz7yZ', 'P40', 0.2, '2024-01-09 10:57:48'),
(1082, 43, 'K4k6dWz7yZ', 'P41', 0.4, '2024-01-09 10:57:48'),
(1083, 43, 'K4k6dWz7yZ', 'P42', 0.4, '2024-01-09 10:57:48'),
(1084, 43, 'K4k6dWz7yZ', 'P43', 0.4, '2024-01-09 10:57:48'),
(1085, 43, 'K4k6dWz7yZ', 'P44', 0.6, '2024-01-09 10:57:48'),
(1086, 43, 'K4k6dWz7yZ', 'P45', 0.0, '2024-01-09 10:57:48'),
(1087, 43, 'K4k6dWz7yZ', 'P46', 0.8, '2024-01-09 10:57:48'),
(1088, 43, 'K4k6dWz7yZ', 'P47', 0.4, '2024-01-09 10:57:48'),
(1089, 43, 'K4k6dWz7yZ', 'P48', 0.8, '2024-01-09 10:57:48'),
(1090, 43, 'K4k6dWz7yZ', 'P49', 0.4, '2024-01-09 10:57:48'),
(1091, 43, 'K4k6dWz7yZ', 'P50', 0.4, '2024-01-09 10:57:48'),
(1092, 43, 'K4k6dWz7yZ', 'P51', 0.6, '2024-01-09 10:57:48'),
(1093, 43, 'K4k6dWz7yZ', 'P52', 0.4, '2024-01-09 10:57:48'),
(1094, 43, 'K4k6dWz7yZ', 'P53', 0.6, '2024-01-09 10:57:48'),
(1095, 43, 'K4k6dWz7yZ', 'P54', 0.6, '2024-01-09 10:57:48'),
(1096, 43, 'K4k6dWz7yZ', 'P55', 0.6, '2024-01-09 10:57:48'),
(1097, 43, 'K4k6dWz7yZ', 'P56', 0.4, '2024-01-09 10:57:48'),
(1098, 43, 'K4k6dWz7yZ', 'P57', 0.2, '2024-01-09 10:57:48'),
(1099, 43, 'K4k6dWz7yZ', 'P58', 0.6, '2024-01-09 10:57:48'),
(1100, 43, 'K4k6dWz7yZ', 'P59', 0.4, '2024-01-09 10:57:48'),
(1101, 43, 'K4k6dWz7yZ', 'P60', 0.6, '2024-01-09 10:57:48'),
(1102, 44, 'aFbYcOXWty', 'P01', 0.2, '2024-01-09 11:07:28'),
(1103, 44, 'aFbYcOXWty', 'P02', 0.4, '2024-01-09 11:07:28'),
(1104, 44, 'aFbYcOXWty', 'P03', 0.2, '2024-01-09 11:07:28'),
(1105, 44, 'aFbYcOXWty', 'P04', 0.2, '2024-01-09 11:07:28'),
(1106, 44, 'aFbYcOXWty', 'P05', 0.2, '2024-01-09 11:07:28'),
(1107, 44, 'aFbYcOXWty', 'P06', 0.2, '2024-01-09 11:07:28'),
(1108, 44, 'aFbYcOXWty', 'P07', 0.2, '2024-01-09 11:07:28'),
(1109, 44, 'aFbYcOXWty', 'P08', 0.4, '2024-01-09 11:07:28'),
(1110, 44, 'aFbYcOXWty', 'P09', 0.0, '2024-01-09 11:07:28'),
(1111, 44, 'aFbYcOXWty', 'P10', 0.0, '2024-01-09 11:07:28'),
(1112, 44, 'aFbYcOXWty', 'P11', 0.0, '2024-01-09 11:07:28'),
(1113, 44, 'aFbYcOXWty', 'P12', 0.0, '2024-01-09 11:07:28'),
(1114, 44, 'aFbYcOXWty', 'P13', 0.4, '2024-01-09 11:07:28'),
(1115, 44, 'aFbYcOXWty', 'P14', 0.4, '2024-01-09 11:07:28'),
(1116, 44, 'aFbYcOXWty', 'P15', 0.8, '2024-01-09 11:07:28'),
(1117, 44, 'aFbYcOXWty', 'P16', 0.4, '2024-01-09 11:07:28'),
(1118, 44, 'aFbYcOXWty', 'P17', 0.4, '2024-01-09 11:07:28'),
(1119, 44, 'aFbYcOXWty', 'P18', 0.2, '2024-01-09 11:07:28'),
(1120, 44, 'aFbYcOXWty', 'P19', 0.2, '2024-01-09 11:07:28'),
(1121, 44, 'aFbYcOXWty', 'P20', 0.0, '2024-01-09 11:07:28'),
(1122, 44, 'aFbYcOXWty', 'P21', 0.6, '2024-01-09 11:07:28'),
(1123, 44, 'aFbYcOXWty', 'P22', 0.0, '2024-01-09 11:07:28'),
(1124, 44, 'aFbYcOXWty', 'P23', 0.0, '2024-01-09 11:07:28'),
(1125, 44, 'aFbYcOXWty', 'P24', 0.2, '2024-01-09 11:07:28'),
(1126, 44, 'aFbYcOXWty', 'P25', 0.2, '2024-01-09 11:07:28'),
(1127, 44, 'aFbYcOXWty', 'P26', 0.6, '2024-01-09 11:07:28'),
(1128, 44, 'aFbYcOXWty', 'P27', 0.6, '2024-01-09 11:07:28'),
(1129, 44, 'aFbYcOXWty', 'P28', 0.4, '2024-01-09 11:07:28'),
(1130, 44, 'aFbYcOXWty', 'P29', 0.2, '2024-01-09 11:07:28'),
(1131, 44, 'aFbYcOXWty', 'P30', 0.2, '2024-01-09 11:07:28'),
(1132, 44, 'aFbYcOXWty', 'P31', 0.4, '2024-01-09 11:07:28'),
(1133, 44, 'aFbYcOXWty', 'P32', 0.0, '2024-01-09 11:07:28'),
(1134, 44, 'aFbYcOXWty', 'P33', 0.4, '2024-01-09 11:07:28'),
(1135, 44, 'aFbYcOXWty', 'P34', 0.4, '2024-01-09 11:07:28'),
(1136, 44, 'aFbYcOXWty', 'P35', 0.8, '2024-01-09 11:07:28'),
(1137, 44, 'aFbYcOXWty', 'P36', 0.4, '2024-01-09 11:07:28'),
(1138, 44, 'aFbYcOXWty', 'P37', 0.4, '2024-01-09 11:07:28'),
(1139, 44, 'aFbYcOXWty', 'P38', 0.4, '2024-01-09 11:07:28'),
(1140, 44, 'aFbYcOXWty', 'P39', 0.6, '2024-01-09 11:07:28'),
(1141, 44, 'aFbYcOXWty', 'P40', 0.4, '2024-01-09 11:07:28'),
(1142, 44, 'aFbYcOXWty', 'P41', 0.6, '2024-01-09 11:07:28'),
(1143, 44, 'aFbYcOXWty', 'P42', 0.6, '2024-01-09 11:07:28'),
(1144, 44, 'aFbYcOXWty', 'P43', 0.4, '2024-01-09 11:07:28'),
(1145, 44, 'aFbYcOXWty', 'P44', 0.8, '2024-01-09 11:07:28'),
(1146, 44, 'aFbYcOXWty', 'P45', 0.6, '2024-01-09 11:07:28'),
(1147, 44, 'aFbYcOXWty', 'P46', 0.8, '2024-01-09 11:07:28'),
(1148, 44, 'aFbYcOXWty', 'P47', 0.8, '2024-01-09 11:07:28'),
(1149, 44, 'aFbYcOXWty', 'P48', 0.2, '2024-01-09 11:07:28'),
(1150, 44, 'aFbYcOXWty', 'P49', 0.4, '2024-01-09 11:07:28'),
(1151, 44, 'aFbYcOXWty', 'P50', 0.0, '2024-01-09 11:07:28'),
(1152, 44, 'aFbYcOXWty', 'P51', 0.2, '2024-01-09 11:07:28'),
(1153, 44, 'aFbYcOXWty', 'P52', 0.4, '2024-01-09 11:07:28'),
(1154, 44, 'aFbYcOXWty', 'P53', 0.8, '2024-01-09 11:07:28'),
(1155, 44, 'aFbYcOXWty', 'P54', 0.2, '2024-01-09 11:07:28'),
(1156, 44, 'aFbYcOXWty', 'P55', 0.2, '2024-01-09 11:07:28'),
(1157, 44, 'aFbYcOXWty', 'P56', 0.2, '2024-01-09 11:07:28'),
(1158, 44, 'aFbYcOXWty', 'P57', 0.6, '2024-01-09 11:07:28'),
(1159, 44, 'aFbYcOXWty', 'P58', 0.4, '2024-01-09 11:07:28'),
(1160, 44, 'aFbYcOXWty', 'P59', 0.8, '2024-01-09 11:07:28'),
(1161, 44, 'aFbYcOXWty', 'P60', 0.6, '2024-01-09 11:07:28'),
(1162, 45, 'CvlfIUtp91', 'P01', 0.2, '2024-01-09 11:18:54'),
(1163, 45, 'CvlfIUtp91', 'P02', 0.4, '2024-01-09 11:18:54'),
(1164, 45, 'CvlfIUtp91', 'P03', 0.4, '2024-01-09 11:18:54'),
(1165, 45, 'CvlfIUtp91', 'P04', 0.4, '2024-01-09 11:18:54'),
(1166, 45, 'CvlfIUtp91', 'P05', 0.4, '2024-01-09 11:18:54'),
(1167, 45, 'CvlfIUtp91', 'P06', 0.2, '2024-01-09 11:18:54'),
(1168, 45, 'CvlfIUtp91', 'P07', 0.2, '2024-01-09 11:18:54'),
(1169, 45, 'CvlfIUtp91', 'P08', 0.4, '2024-01-09 11:18:54'),
(1170, 45, 'CvlfIUtp91', 'P09', 0.4, '2024-01-09 11:18:54'),
(1171, 45, 'CvlfIUtp91', 'P10', 0.4, '2024-01-09 11:18:54'),
(1172, 45, 'CvlfIUtp91', 'P11', 0.4, '2024-01-09 11:18:54'),
(1173, 45, 'CvlfIUtp91', 'P12', 0.4, '2024-01-09 11:18:54'),
(1174, 45, 'CvlfIUtp91', 'P13', 0.4, '2024-01-09 11:18:54'),
(1175, 45, 'CvlfIUtp91', 'P14', 0.4, '2024-01-09 11:18:54'),
(1176, 45, 'CvlfIUtp91', 'P15', 0.8, '2024-01-09 11:18:54'),
(1177, 45, 'CvlfIUtp91', 'P16', 0.4, '2024-01-09 11:18:54'),
(1178, 45, 'CvlfIUtp91', 'P17', 0.4, '2024-01-09 11:18:54'),
(1179, 45, 'CvlfIUtp91', 'P18', 0.0, '2024-01-09 11:18:54'),
(1180, 45, 'CvlfIUtp91', 'P19', 0.6, '2024-01-09 11:18:54'),
(1181, 45, 'CvlfIUtp91', 'P20', 0.4, '2024-01-09 11:18:54'),
(1182, 45, 'CvlfIUtp91', 'P21', 0.8, '2024-01-09 11:18:54'),
(1183, 45, 'CvlfIUtp91', 'P22', 0.4, '2024-01-09 11:18:54'),
(1184, 45, 'CvlfIUtp91', 'P23', 0.0, '2024-01-09 11:18:54'),
(1185, 45, 'CvlfIUtp91', 'P24', 0.2, '2024-01-09 11:18:54'),
(1186, 45, 'CvlfIUtp91', 'P25', 0.2, '2024-01-09 11:18:54'),
(1187, 45, 'CvlfIUtp91', 'P26', 0.6, '2024-01-09 11:18:54'),
(1188, 45, 'CvlfIUtp91', 'P27', 0.6, '2024-01-09 11:18:54'),
(1189, 45, 'CvlfIUtp91', 'P28', 0.4, '2024-01-09 11:18:54'),
(1190, 45, 'CvlfIUtp91', 'P29', 0.4, '2024-01-09 11:18:54'),
(1191, 45, 'CvlfIUtp91', 'P30', 0.2, '2024-01-09 11:18:54'),
(1192, 45, 'CvlfIUtp91', 'P31', 0.8, '2024-01-09 11:18:54'),
(1193, 45, 'CvlfIUtp91', 'P32', 0.0, '2024-01-09 11:18:54'),
(1194, 45, 'CvlfIUtp91', 'P33', 0.4, '2024-01-09 11:18:54'),
(1195, 45, 'CvlfIUtp91', 'P34', 0.4, '2024-01-09 11:18:54'),
(1196, 45, 'CvlfIUtp91', 'P35', 0.4, '2024-01-09 11:18:54'),
(1197, 45, 'CvlfIUtp91', 'P36', 0.2, '2024-01-09 11:18:54'),
(1198, 45, 'CvlfIUtp91', 'P37', 0.2, '2024-01-09 11:18:54'),
(1199, 45, 'CvlfIUtp91', 'P38', 0.4, '2024-01-09 11:18:54'),
(1200, 45, 'CvlfIUtp91', 'P39', 0.2, '2024-01-09 11:18:54'),
(1201, 45, 'CvlfIUtp91', 'P40', 0.4, '2024-01-09 11:18:54'),
(1202, 45, 'CvlfIUtp91', 'P41', 0.6, '2024-01-09 11:18:54'),
(1203, 45, 'CvlfIUtp91', 'P42', 0.4, '2024-01-09 11:18:54'),
(1204, 45, 'CvlfIUtp91', 'P43', 0.4, '2024-01-09 11:18:54'),
(1205, 45, 'CvlfIUtp91', 'P44', 0.2, '2024-01-09 11:18:54'),
(1206, 45, 'CvlfIUtp91', 'P45', 0.0, '2024-01-09 11:18:54'),
(1207, 45, 'CvlfIUtp91', 'P46', 0.4, '2024-01-09 11:18:54'),
(1208, 45, 'CvlfIUtp91', 'P47', 0.2, '2024-01-09 11:18:54'),
(1209, 45, 'CvlfIUtp91', 'P48', 0.4, '2024-01-09 11:18:54'),
(1210, 45, 'CvlfIUtp91', 'P49', 0.8, '2024-01-09 11:18:54'),
(1211, 45, 'CvlfIUtp91', 'P50', 0.6, '2024-01-09 11:18:54'),
(1212, 45, 'CvlfIUtp91', 'P51', 0.8, '2024-01-09 11:18:54'),
(1213, 45, 'CvlfIUtp91', 'P52', 1.0, '2024-01-09 11:18:54'),
(1214, 45, 'CvlfIUtp91', 'P53', 1.0, '2024-01-09 11:18:54'),
(1215, 45, 'CvlfIUtp91', 'P54', 0.8, '2024-01-09 11:18:54'),
(1216, 45, 'CvlfIUtp91', 'P55', 0.8, '2024-01-09 11:18:54'),
(1217, 45, 'CvlfIUtp91', 'P56', 0.4, '2024-01-09 11:18:54'),
(1218, 45, 'CvlfIUtp91', 'P58', 0.4, '2024-01-09 11:18:54'),
(1219, 45, 'CvlfIUtp91', 'P59', 0.8, '2024-01-09 11:18:54'),
(1220, 45, 'CvlfIUtp91', 'P60', 1.0, '2024-01-09 11:18:54'),
(1221, 46, 'lZ8ILbFHay', 'P01', 0.4, '2024-01-09 13:18:32'),
(1222, 46, 'lZ8ILbFHay', 'P02', 0.6, '2024-01-09 13:18:32'),
(1223, 46, 'lZ8ILbFHay', 'P03', 0.4, '2024-01-09 13:18:32'),
(1224, 46, 'lZ8ILbFHay', 'P04', 0.4, '2024-01-09 13:18:32'),
(1225, 46, 'lZ8ILbFHay', 'P05', 0.4, '2024-01-09 13:18:32'),
(1226, 46, 'lZ8ILbFHay', 'P06', 0.4, '2024-01-09 13:18:32'),
(1227, 46, 'lZ8ILbFHay', 'P07', 0.6, '2024-01-09 13:18:32'),
(1228, 46, 'lZ8ILbFHay', 'P08', 0.4, '2024-01-09 13:18:32'),
(1229, 46, 'lZ8ILbFHay', 'P09', 0.4, '2024-01-09 13:18:32'),
(1230, 46, 'lZ8ILbFHay', 'P10', 0.4, '2024-01-09 13:18:32'),
(1231, 46, 'lZ8ILbFHay', 'P11', 0.4, '2024-01-09 13:18:32'),
(1232, 46, 'lZ8ILbFHay', 'P12', 0.8, '2024-01-09 13:18:32'),
(1233, 46, 'lZ8ILbFHay', 'P13', 0.4, '2024-01-09 13:18:32'),
(1234, 46, 'lZ8ILbFHay', 'P14', 0.4, '2024-01-09 13:18:32'),
(1235, 46, 'lZ8ILbFHay', 'P15', 0.8, '2024-01-09 13:18:32'),
(1236, 46, 'lZ8ILbFHay', 'P16', 0.4, '2024-01-09 13:18:32'),
(1237, 46, 'lZ8ILbFHay', 'P17', 0.6, '2024-01-09 13:18:32'),
(1238, 46, 'lZ8ILbFHay', 'P18', 0.4, '2024-01-09 13:18:32'),
(1239, 46, 'lZ8ILbFHay', 'P19', 0.8, '2024-01-09 13:18:32'),
(1240, 46, 'lZ8ILbFHay', 'P20', 0.6, '2024-01-09 13:18:32'),
(1241, 46, 'lZ8ILbFHay', 'P21', 0.8, '2024-01-09 13:18:32'),
(1242, 46, 'lZ8ILbFHay', 'P22', 0.2, '2024-01-09 13:18:32'),
(1243, 46, 'lZ8ILbFHay', 'P23', 0.2, '2024-01-09 13:18:32'),
(1244, 46, 'lZ8ILbFHay', 'P24', 0.2, '2024-01-09 13:18:32'),
(1245, 46, 'lZ8ILbFHay', 'P25', 0.4, '2024-01-09 13:18:32'),
(1246, 46, 'lZ8ILbFHay', 'P26', 0.8, '2024-01-09 13:18:32'),
(1247, 46, 'lZ8ILbFHay', 'P27', 0.8, '2024-01-09 13:18:32'),
(1248, 46, 'lZ8ILbFHay', 'P28', 0.6, '2024-01-09 13:18:32'),
(1249, 46, 'lZ8ILbFHay', 'P29', 0.4, '2024-01-09 13:18:32'),
(1250, 46, 'lZ8ILbFHay', 'P30', 0.2, '2024-01-09 13:18:32'),
(1251, 46, 'lZ8ILbFHay', 'P31', 0.4, '2024-01-09 13:18:32'),
(1252, 46, 'lZ8ILbFHay', 'P32', 0.4, '2024-01-09 13:18:32'),
(1253, 46, 'lZ8ILbFHay', 'P33', 0.6, '2024-01-09 13:18:32'),
(1254, 46, 'lZ8ILbFHay', 'P34', 0.4, '2024-01-09 13:18:32'),
(1255, 46, 'lZ8ILbFHay', 'P35', 0.4, '2024-01-09 13:18:32'),
(1256, 46, 'lZ8ILbFHay', 'P36', 0.2, '2024-01-09 13:18:32'),
(1257, 46, 'lZ8ILbFHay', 'P37', 0.2, '2024-01-09 13:18:32'),
(1258, 46, 'lZ8ILbFHay', 'P38', 0.2, '2024-01-09 13:18:32'),
(1259, 46, 'lZ8ILbFHay', 'P39', 0.4, '2024-01-09 13:18:32'),
(1260, 46, 'lZ8ILbFHay', 'P40', 0.2, '2024-01-09 13:18:32'),
(1261, 46, 'lZ8ILbFHay', 'P41', 0.6, '2024-01-09 13:18:32'),
(1262, 46, 'lZ8ILbFHay', 'P42', 0.8, '2024-01-09 13:18:32'),
(1263, 46, 'lZ8ILbFHay', 'P43', 0.2, '2024-01-09 13:18:32'),
(1264, 46, 'lZ8ILbFHay', 'P44', 0.0, '2024-01-09 13:18:32'),
(1265, 46, 'lZ8ILbFHay', 'P45', 0.2, '2024-01-09 13:18:32'),
(1266, 46, 'lZ8ILbFHay', 'P46', 0.6, '2024-01-09 13:18:32'),
(1267, 46, 'lZ8ILbFHay', 'P47', 0.2, '2024-01-09 13:18:32'),
(1268, 46, 'lZ8ILbFHay', 'P48', 0.6, '2024-01-09 13:18:32'),
(1269, 46, 'lZ8ILbFHay', 'P49', 0.8, '2024-01-09 13:18:32'),
(1270, 46, 'lZ8ILbFHay', 'P50', 0.6, '2024-01-09 13:18:32'),
(1271, 46, 'lZ8ILbFHay', 'P51', 0.4, '2024-01-09 13:18:32'),
(1272, 46, 'lZ8ILbFHay', 'P52', 0.6, '2024-01-09 13:18:32'),
(1273, 46, 'lZ8ILbFHay', 'P53', 0.8, '2024-01-09 13:18:32'),
(1274, 46, 'lZ8ILbFHay', 'P54', 0.4, '2024-01-09 13:18:32'),
(1275, 46, 'lZ8ILbFHay', 'P55', 0.2, '2024-01-09 13:18:32'),
(1276, 46, 'lZ8ILbFHay', 'P56', 0.4, '2024-01-09 13:18:32'),
(1277, 46, 'lZ8ILbFHay', 'P57', 0.4, '2024-01-09 13:18:32'),
(1278, 46, 'lZ8ILbFHay', 'P58', 0.2, '2024-01-09 13:18:32'),
(1279, 46, 'lZ8ILbFHay', 'P59', 0.4, '2024-01-09 13:18:32'),
(1280, 46, 'lZ8ILbFHay', 'P60', 0.8, '2024-01-09 13:18:32'),
(1281, 35, 'pknuNtdvWH', 'P01', 0.2, '2024-01-09 13:42:07'),
(1282, 35, 'pknuNtdvWH', 'P02', 0.4, '2024-01-09 13:42:07'),
(1283, 35, 'pknuNtdvWH', 'P03', 0.2, '2024-01-09 13:42:07'),
(1284, 35, 'pknuNtdvWH', 'P04', 0.2, '2024-01-09 13:42:07'),
(1285, 35, 'pknuNtdvWH', 'P05', 0.6, '2024-01-09 13:42:07'),
(1286, 35, 'pknuNtdvWH', 'P06', 0.4, '2024-01-09 13:42:07'),
(1287, 35, 'pknuNtdvWH', 'P07', 0.4, '2024-01-09 13:42:07'),
(1288, 35, 'pknuNtdvWH', 'P08', 0.4, '2024-01-09 13:42:07'),
(1289, 35, 'pknuNtdvWH', 'P09', 0.4, '2024-01-09 13:42:07'),
(1290, 35, 'pknuNtdvWH', 'P10', 0.4, '2024-01-09 13:42:07'),
(1291, 35, 'pknuNtdvWH', 'P11', 0.2, '2024-01-09 13:42:07'),
(1292, 35, 'pknuNtdvWH', 'P12', 0.4, '2024-01-09 13:42:07'),
(1293, 35, 'pknuNtdvWH', 'P13', 0.6, '2024-01-09 13:42:07'),
(1294, 35, 'pknuNtdvWH', 'P14', 0.2, '2024-01-09 13:42:07'),
(1295, 35, 'pknuNtdvWH', 'P15', 0.4, '2024-01-09 13:42:07'),
(1296, 35, 'pknuNtdvWH', 'P16', 0.6, '2024-01-09 13:42:07'),
(1297, 35, 'pknuNtdvWH', 'P17', 0.4, '2024-01-09 13:42:07'),
(1298, 35, 'pknuNtdvWH', 'P18', 0.2, '2024-01-09 13:42:07'),
(1299, 35, 'pknuNtdvWH', 'P19', 0.4, '2024-01-09 13:42:07'),
(1300, 35, 'pknuNtdvWH', 'P20', 0.2, '2024-01-09 13:42:07'),
(1301, 35, 'pknuNtdvWH', 'P21', 0.8, '2024-01-09 13:42:07'),
(1302, 35, 'pknuNtdvWH', 'P22', 0.4, '2024-01-09 13:42:07'),
(1303, 35, 'pknuNtdvWH', 'P23', 0.2, '2024-01-09 13:42:07'),
(1304, 35, 'pknuNtdvWH', 'P24', 0.4, '2024-01-09 13:42:07'),
(1305, 35, 'pknuNtdvWH', 'P25', 0.6, '2024-01-09 13:42:07'),
(1306, 35, 'pknuNtdvWH', 'P26', 0.6, '2024-01-09 13:42:07'),
(1307, 35, 'pknuNtdvWH', 'P27', 0.6, '2024-01-09 13:42:07'),
(1308, 35, 'pknuNtdvWH', 'P28', 0.4, '2024-01-09 13:42:07'),
(1309, 35, 'pknuNtdvWH', 'P29', 0.4, '2024-01-09 13:42:07'),
(1310, 35, 'pknuNtdvWH', 'P30', 0.2, '2024-01-09 13:42:07'),
(1311, 35, 'pknuNtdvWH', 'P31', 0.8, '2024-01-09 13:42:07'),
(1312, 35, 'pknuNtdvWH', 'P32', 0.2, '2024-01-09 13:42:07'),
(1313, 35, 'pknuNtdvWH', 'P33', 0.4, '2024-01-09 13:42:07'),
(1314, 35, 'pknuNtdvWH', 'P34', 0.2, '2024-01-09 13:42:07'),
(1315, 35, 'pknuNtdvWH', 'P35', 0.6, '2024-01-09 13:42:07'),
(1316, 35, 'pknuNtdvWH', 'P36', 0.6, '2024-01-09 13:42:07'),
(1317, 35, 'pknuNtdvWH', 'P37', 0.6, '2024-01-09 13:42:07'),
(1318, 35, 'pknuNtdvWH', 'P38', 0.8, '2024-01-09 13:42:07'),
(1319, 35, 'pknuNtdvWH', 'P39', 0.2, '2024-01-09 13:42:07'),
(1320, 35, 'pknuNtdvWH', 'P40', 0.0, '2024-01-09 13:42:07'),
(1321, 35, 'pknuNtdvWH', 'P41', 0.2, '2024-01-09 13:42:07'),
(1322, 35, 'pknuNtdvWH', 'P42', 0.4, '2024-01-09 13:42:07'),
(1323, 35, 'pknuNtdvWH', 'P43', 0.2, '2024-01-09 13:42:07'),
(1324, 35, 'pknuNtdvWH', 'P44', 0.0, '2024-01-09 13:42:07'),
(1325, 35, 'pknuNtdvWH', 'P45', 0.2, '2024-01-09 13:42:07'),
(1326, 35, 'pknuNtdvWH', 'P46', 0.6, '2024-01-09 13:42:07'),
(1327, 35, 'pknuNtdvWH', 'P47', 0.4, '2024-01-09 13:42:07'),
(1328, 35, 'pknuNtdvWH', 'P48', 0.8, '2024-01-09 13:42:07'),
(1329, 35, 'pknuNtdvWH', 'P49', 0.8, '2024-01-09 13:42:07'),
(1330, 35, 'pknuNtdvWH', 'P50', 0.6, '2024-01-09 13:42:07'),
(1331, 35, 'pknuNtdvWH', 'P51', 0.4, '2024-01-09 13:42:07'),
(1332, 35, 'pknuNtdvWH', 'P52', 0.6, '2024-01-09 13:42:07'),
(1333, 35, 'pknuNtdvWH', 'P53', 0.6, '2024-01-09 13:42:07'),
(1334, 35, 'pknuNtdvWH', 'P54', 0.6, '2024-01-09 13:42:07'),
(1335, 35, 'pknuNtdvWH', 'P55', 0.2, '2024-01-09 13:42:07'),
(1336, 35, 'pknuNtdvWH', 'P56', 0.4, '2024-01-09 13:42:07'),
(1337, 35, 'pknuNtdvWH', 'P57', 0.4, '2024-01-09 13:42:07'),
(1338, 35, 'pknuNtdvWH', 'P58', 0.6, '2024-01-09 13:42:07'),
(1339, 35, 'pknuNtdvWH', 'P59', 0.2, '2024-01-09 13:42:07'),
(1340, 35, 'pknuNtdvWH', 'P60', 0.4, '2024-01-09 13:42:07'),
(1341, 34, 'MznPlVoqmK', 'P01', 0.6, '2024-01-09 13:52:49'),
(1342, 34, 'MznPlVoqmK', 'P02', 0.8, '2024-01-09 13:52:49'),
(1343, 34, 'MznPlVoqmK', 'P03', 0.8, '2024-01-09 13:52:49'),
(1344, 34, 'MznPlVoqmK', 'P04', 0.4, '2024-01-09 13:52:49'),
(1345, 34, 'MznPlVoqmK', 'P05', 0.6, '2024-01-09 13:52:49'),
(1346, 34, 'MznPlVoqmK', 'P06', 0.6, '2024-01-09 13:52:49'),
(1347, 34, 'MznPlVoqmK', 'P07', 0.8, '2024-01-09 13:52:49'),
(1348, 34, 'MznPlVoqmK', 'P08', 0.8, '2024-01-09 13:52:49'),
(1349, 34, 'MznPlVoqmK', 'P09', 0.2, '2024-01-09 13:52:49'),
(1350, 34, 'MznPlVoqmK', 'P10', 0.6, '2024-01-09 13:52:49'),
(1351, 34, 'MznPlVoqmK', 'P11', 0.8, '2024-01-09 13:52:49'),
(1352, 34, 'MznPlVoqmK', 'P12', 0.8, '2024-01-09 13:52:49'),
(1353, 34, 'MznPlVoqmK', 'P13', 0.8, '2024-01-09 13:52:49'),
(1354, 34, 'MznPlVoqmK', 'P14', 0.6, '2024-01-09 13:52:49'),
(1355, 34, 'MznPlVoqmK', 'P15', 0.4, '2024-01-09 13:52:49'),
(1356, 34, 'MznPlVoqmK', 'P16', 0.6, '2024-01-09 13:52:49'),
(1357, 34, 'MznPlVoqmK', 'P17', 0.8, '2024-01-09 13:52:49'),
(1358, 34, 'MznPlVoqmK', 'P18', 0.2, '2024-01-09 13:52:49'),
(1359, 34, 'MznPlVoqmK', 'P19', 0.4, '2024-01-09 13:52:49'),
(1360, 34, 'MznPlVoqmK', 'P20', 0.4, '2024-01-09 13:52:49'),
(1361, 34, 'MznPlVoqmK', 'P21', 0.8, '2024-01-09 13:52:49'),
(1362, 34, 'MznPlVoqmK', 'P22', 0.2, '2024-01-09 13:52:49'),
(1363, 34, 'MznPlVoqmK', 'P23', 0.2, '2024-01-09 13:52:49'),
(1364, 34, 'MznPlVoqmK', 'P24', 0.4, '2024-01-09 13:52:49'),
(1365, 34, 'MznPlVoqmK', 'P25', 0.2, '2024-01-09 13:52:49'),
(1366, 34, 'MznPlVoqmK', 'P26', 0.6, '2024-01-09 13:52:49'),
(1367, 34, 'MznPlVoqmK', 'P27', 0.6, '2024-01-09 13:52:49'),
(1368, 34, 'MznPlVoqmK', 'P28', 0.2, '2024-01-09 13:52:49'),
(1369, 34, 'MznPlVoqmK', 'P29', 0.4, '2024-01-09 13:52:49'),
(1370, 34, 'MznPlVoqmK', 'P30', 0.4, '2024-01-09 13:52:49'),
(1371, 34, 'MznPlVoqmK', 'P31', 0.4, '2024-01-09 13:52:49'),
(1372, 34, 'MznPlVoqmK', 'P32', 0.4, '2024-01-09 13:52:49'),
(1373, 34, 'MznPlVoqmK', 'P33', 0.2, '2024-01-09 13:52:49'),
(1374, 34, 'MznPlVoqmK', 'P34', 0.4, '2024-01-09 13:52:49'),
(1375, 34, 'MznPlVoqmK', 'P35', 0.4, '2024-01-09 13:52:49'),
(1376, 34, 'MznPlVoqmK', 'P36', 0.2, '2024-01-09 13:52:49'),
(1377, 34, 'MznPlVoqmK', 'P37', 0.4, '2024-01-09 13:52:49'),
(1378, 34, 'MznPlVoqmK', 'P38', 0.2, '2024-01-09 13:52:49'),
(1379, 34, 'MznPlVoqmK', 'P39', 0.2, '2024-01-09 13:52:49'),
(1380, 34, 'MznPlVoqmK', 'P40', 0.2, '2024-01-09 13:52:49'),
(1381, 34, 'MznPlVoqmK', 'P41', 0.2, '2024-01-09 13:52:49'),
(1382, 34, 'MznPlVoqmK', 'P42', 0.2, '2024-01-09 13:52:49'),
(1383, 34, 'MznPlVoqmK', 'P43', 0.4, '2024-01-09 13:52:49'),
(1384, 34, 'MznPlVoqmK', 'P44', 0.4, '2024-01-09 13:52:49'),
(1385, 34, 'MznPlVoqmK', 'P46', 0.8, '2024-01-09 13:52:49'),
(1386, 34, 'MznPlVoqmK', 'P47', 0.4, '2024-01-09 13:52:49'),
(1387, 34, 'MznPlVoqmK', 'P48', 0.6, '2024-01-09 13:52:49'),
(1388, 34, 'MznPlVoqmK', 'P49', 0.8, '2024-01-09 13:52:49'),
(1389, 34, 'MznPlVoqmK', 'P50', 0.2, '2024-01-09 13:52:49'),
(1390, 34, 'MznPlVoqmK', 'P51', 0.6, '2024-01-09 13:52:49'),
(1391, 34, 'MznPlVoqmK', 'P52', 0.8, '2024-01-09 13:52:49'),
(1392, 34, 'MznPlVoqmK', 'P53', 0.8, '2024-01-09 13:52:49'),
(1393, 34, 'MznPlVoqmK', 'P54', 0.6, '2024-01-09 13:52:49'),
(1394, 34, 'MznPlVoqmK', 'P55', 0.6, '2024-01-09 13:52:49'),
(1395, 34, 'MznPlVoqmK', 'P56', 0.4, '2024-01-09 13:52:49'),
(1396, 34, 'MznPlVoqmK', 'P57', 0.2, '2024-01-09 13:52:49'),
(1397, 34, 'MznPlVoqmK', 'P58', 0.4, '2024-01-09 13:52:49'),
(1398, 34, 'MznPlVoqmK', 'P59', 0.2, '2024-01-09 13:52:49'),
(1399, 34, 'MznPlVoqmK', 'P60', 0.6, '2024-01-09 13:52:49');

-- --------------------------------------------------------

--
-- Struktur dari tabel `karir`
--

CREATE TABLE `karir` (
  `id` int(11) NOT NULL,
  `kode_karir` varchar(6) NOT NULL,
  `kode_kepribadian` varchar(6) NOT NULL,
  `daftar_karir` text NOT NULL
) ENGINE=InnoDB DEFAULT CHARSET=utf8mb4 COLLATE=utf8mb4_general_ci;

--
-- Dumping data untuk tabel `karir`
--

INSERT INTO `karir` (`id`, `kode_karir`, `kode_kepribadian`, `daftar_karir`) VALUES
(1, 'KR1', 'K01', 'Marketing, Sales, Desainer, Humas, dan Youtuber'),
(2, 'KR2', 'K02', 'Wirausaha, Bisnis, Politik, Hukum, dan Militer'),
(3, 'KR3', 'K03', 'Manajer, Akutan, Peneliti, Seniman, dan Staf Administrasi'),
(4, 'KR4', 'K04', 'Kesehatan, Teknisi Komputer, Kearsipan, Guru, dan Programmer');

-- --------------------------------------------------------

--
-- Struktur dari tabel `kepribadian`
--

CREATE TABLE `kepribadian` (
  `id` int(11) NOT NULL,
  `kode_kepribadian` varchar(255) DEFAULT NULL,
  `daftar_kepribadian` varchar(255) DEFAULT NULL,
  `keterangan` text NOT NULL
) ENGINE=InnoDB DEFAULT CHARSET=utf8mb4 COLLATE=utf8mb4_general_ci;

--
-- Dumping data untuk tabel `kepribadian`
--

INSERT INTO `kepribadian` (`id`, `kode_kepribadian`, `daftar_kepribadian`, `keterangan`) VALUES
(1, 'K01', 'Sanguini', 'Mereka adalah Optimis, aktif, dan sosial. Mereka suka mencari kesenangan, petualangan, dan perhatian dari orang lain. Mereka juga mudah beradaptasi, antusias, dan bersemangat. Namun, mereka juga cenderung tidak konsisten, mudah bosan, dan kurang disiplin.'),
(2, 'K02', 'Koleris', 'Mereka adalah orang yang pemarah, cepat, dan mudah tersinggung. Mereka memiliki ambisi, kepercayaan diri, dan kemauan yang kuat. Mereka juga logis, tegas, dan mandiri. Namun, mereka juga cenderung sombong, keras kepala, dan tidak peka.'),
(3, 'K03', 'Melankolis', 'Mereka adalah orang yang analitis, bijak, dan tenang. Mereka memiliki standar yang tinggi, kreatif, dan perfeksionis. Mereka juga setia, peduli, dan pengertian. Namun, mereka juga cenderung pesimis, mudah cemas, dan sulit bersosialisasi.'),
(4, 'K04', 'Plegmatis', 'Mereka adalah orang yang santai, damai, dan mudah diatur. Mereka memiliki toleransi, kesabaran, dan kerjasama yang baik. Mereka juga stabil, konsisten, dan dapat diandalkan. Namun, mereka juga cenderung pasif, lamban, dan kurang berinisiatif.');

-- --------------------------------------------------------

--
-- Struktur dari tabel `kondisi`
--

CREATE TABLE `kondisi` (
  `id` int(11) NOT NULL,
  `kondisi` varchar(255) DEFAULT NULL,
  `nilai` decimal(8,1) DEFAULT NULL
) ENGINE=InnoDB DEFAULT CHARSET=utf8mb4 COLLATE=utf8mb4_general_ci;

--
-- Dumping data untuk tabel `kondisi`
--

INSERT INTO `kondisi` (`id`, `kondisi`, `nilai`) VALUES
(1, 'Sangat Yakin', 1.0),
(2, 'Cukup Yakin', 0.8),
(3, 'Yakin', 0.6),
(4, 'Mungkin', 0.4),
(5, 'Tidak Yakin', 0.2),
(6, 'Tidak Merasa', 0.0);

-- --------------------------------------------------------

--
-- Struktur dari tabel `pengetahuan`
--

CREATE TABLE `pengetahuan` (
  `id` int(11) NOT NULL,
  `kode_kepribadian` varchar(10) NOT NULL,
  `kode_pernyataan` varchar(10) NOT NULL,
  `cf_pakar` decimal(8,1) NOT NULL
) ENGINE=InnoDB DEFAULT CHARSET=utf8mb4 COLLATE=utf8mb4_general_ci;

--
-- Dumping data untuk tabel `pengetahuan`
--

INSERT INTO `pengetahuan` (`id`, `kode_kepribadian`, `kode_pernyataan`, `cf_pakar`) VALUES
(1, 'K01', 'P01', 0.6),
(2, 'K01', 'P02', 0.8),
(3, 'K01', 'P03', 0.4),
(4, 'K01', 'P04', 0.6),
(5, 'K01', 'P05', 0.6),
(6, 'K01', 'P06', 0.4),
(7, 'K01', 'P07', 0.8),
(8, 'K01', 'P08', 0.6),
(9, 'K01', 'P09', 0.4),
(10, 'K01', 'P10', 0.4),
(11, 'K01', 'P11', 0.8),
(12, 'K01', 'P12', 0.4),
(13, 'K01', 'P13', 0.6),
(14, 'K01', 'P14', 0.8),
(15, 'K01', 'P15', 0.8),
(16, 'K01', 'P16', 0.6),
(17, 'K01', 'P17', 0.8),
(18, 'K02', 'P18', 0.4),
(19, 'K02', 'P19', 0.8),
(20, 'K02', 'P20', 0.6),
(21, 'K02', 'P21', 0.6),
(22, 'K02', 'P22', 0.6),
(23, 'K02', 'P23', 0.6),
(24, 'K02', 'P24', 0.8),
(25, 'K02', 'P25', 0.8),
(26, 'K02', 'P26', 0.8),
(27, 'K02', 'P27', 0.6),
(28, 'K02', 'P28', 0.6),
(29, 'K02', 'P29', 0.8),
(30, 'K02', 'P30', 0.4),
(31, 'K02', 'P31', 0.6),
(32, 'K02', 'P32', 0.8),
(33, 'K02', 'P33', 0.8),
(34, 'K02', 'P34', 0.8),
(35, 'K03', 'P35', 0.8),
(36, 'K03', 'P36', 0.6),
(37, 'K03', 'P37', 0.8),
(38, 'K03', 'P38', 0.6),
(39, 'K03', 'P39', 0.4),
(40, 'K03', 'P40', 0.8),
(41, 'K03', 'P41', 0.8),
(42, 'K03', 'P42', 0.6),
(43, 'K03', 'P43', 0.4),
(44, 'K03', 'P44', 0.6),
(45, 'K03', 'P45', 0.4),
(46, 'K03', 'P46', 0.8),
(47, 'K03', 'P47', 0.6),
(48, 'K04', 'P48', 0.8),
(49, 'K04', 'P49', 0.6),
(50, 'K04', 'P50', 0.6),
(51, 'K04', 'P51', 0.8),
(52, 'K04', 'P52', 0.6),
(53, 'K04', 'P53', 0.8),
(54, 'K04', 'P54', 0.6),
(55, 'K04', 'P55', 0.6),
(56, 'K04', 'P56', 0.4),
(57, 'K04', 'P57', 0.4),
(58, 'K04', 'P58', 0.6),
(59, 'K04', 'P59', 0.4),
(60, 'K04', 'P60', 0.8);

-- --------------------------------------------------------

--
-- Struktur dari tabel `pernyataan`
--

CREATE TABLE `pernyataan` (
  `id` int(11) NOT NULL,
  `kode_pernyataan` varchar(6) DEFAULT NULL,
  `daftar_pernyataan` varchar(255) DEFAULT NULL
) ENGINE=InnoDB DEFAULT CHARSET=utf8mb4 COLLATE=utf8mb4_general_ci;

--
-- Dumping data untuk tabel `pernyataan`
--

INSERT INTO `pernyataan` (`id`, `kode_pernyataan`, `daftar_pernyataan`) VALUES
(1, 'P01', 'Menikmati berbicara dengan banyak orang'),
(2, 'P02', 'Senang berpartisipasi dalam kegiatan sosial'),
(3, 'P03', 'Mudah berteman dengan orang baru'),
(4, 'P04', 'Suka menjadi pusat perhatian di antara teman-teman saya'),
(5, 'P05', 'Menemukan kesenangan dalam bekerja dalam tim'),
(6, 'P06', 'Mudah bergaul dengan berbagai kelompok orang'),
(7, 'P07', 'Merasa senang ketika diapresiasi oleh orang lain'),
(8, 'P08', 'Menikmati kegembiraan dan keceriaan'),
(9, 'P09', 'Suka menciptakan suasana yang menyenangkan'),
(10, 'P10', 'Suka mencoba hal-hal baru dan mengalami petualangan'),
(11, 'P11', 'Merasa senang ketika diberi perhatian oleh orang lain'),
(12, 'P12', 'Menemukan kesenangan dalam situasi yang dinamis'),
(13, 'P13', 'Senang berbagi ide dan berkomunikasi dengan orang lain'),
(14, 'P14', 'Merasa senang ketika ada banyak aktivitas di sekitar saya'),
(15, 'P15', 'Cenderung tidak suka runtinitas yang monoton'),
(16, 'P16', 'Suka berinteraksi dengan orang baru dan beragam'),
(17, 'P17', 'Menemukan energi positif dalam keceriaan dan optimisme'),
(18, 'P18', 'Suka mengambil inisiatif dan memimpin'),
(19, 'P19', 'Cenderung fokus pada tujuan dan hasil'),
(20, 'P20', 'senang menghadapi tantangan yang menantang'),
(21, 'P21', 'Merasa puas ketika berhasil menyelesaikan tugas'),
(22, 'P22', 'Suka memiliki kendali atas situasi'),
(23, 'P23', 'Senang mengambil risiko untuk mencapai tujuan'),
(24, 'P24', 'Cenderung fokus pada penyelesaian masalah'),
(25, 'P25', 'Suka bersaing dan meraih prestasi'),
(26, 'P26', 'Menemukan kepuasan dalam mencapai target yang ditetapkan'),
(27, 'P27', 'Merasa puas ketika mencapai target secara efisien'),
(28, 'P28', 'Suka mengorganisir dan merencanakan kegiatan'),
(29, 'P29', 'Memiliki ambisi dan tekad untuk mencapai tujuan'),
(30, 'P30', 'Senang memecahkan masalah yang komplek'),
(31, 'P31', 'Merasa senang ketika dapat memberikan pengaruh positif'),
(32, 'P32', 'Suka mengambil tanggung jawab kepemimpinan'),
(33, 'P33', 'Cenderung fokus pada pencapaian dan hasil akhir'),
(34, 'P34', 'Menemukan kepuasan dalam mencapai tujuan yang ambisius'),
(35, 'P35', 'Cenderung peka terhadap perasaan orang lain'),
(36, 'P36', 'Senang merenung dan memikirkan hal-hal yang mendalam'),
(37, 'P37', 'Suka memiliki rencana yang terstruktur'),
(38, 'P38', 'Merasa senang bekerja secara mandiri'),
(39, 'P39', 'Cenderung melibatkan diri dalam seni atau ekspresi kreatif'),
(40, 'P40', 'Memiliki standar tinggi terhadap diri sendiri'),
(41, 'P41', 'Cenderung mempertimbangkan pro dan kontra sebelum mengambil keputusan'),
(42, 'P42', 'Menikmati keindahan dan estetika'),
(43, 'P43', 'Suka mengejar pemahaman yang lebih dalam'),
(44, 'P44', 'Merasa terhubung dengan emosi dan perasaan saya'),
(45, 'P45', 'Cenderung memiliki jurnal atau mencatat pengalaman hidup'),
(46, 'P46', 'Menikmati waktu sendiri untuk merenung'),
(47, 'P47', 'Senang mengejar ide-ide kreatif atau seni'),
(48, 'P48', 'merasa nyaman dalam situasi yang tenang dan santai'),
(49, 'P49', 'Cenderung tidak terlalu terpengaruh oleh tekanan'),
(50, 'P50', 'Suka mendengarkan dan memahami sudut pandang orang lain'),
(51, 'P51', 'Senang bekerja dengan kestabilan dan konsistensi'),
(52, 'P52', 'Cenderung hindari konflik dan ingin menciptakan harmoni'),
(53, 'P53', 'Tidak suka terburu-buru atau tergesa-gesa'),
(54, 'P54', 'Merasa nyaman ketika lingkungan sekitar tenang'),
(55, 'P55', 'Cenderung menghindari konflik dan ingin menjaga perdamaian'),
(56, 'P56', 'Suka membantu orang lain dan berkontribusi pada kesejahteraan bersama'),
(57, 'P57', 'suka menjaga kestabilan dan keseimbangan dalam hidup'),
(58, 'P58', 'Merasa senang dalam hubungan yang harmonis'),
(59, 'P59', 'Cenderung tidak terlalu terpengaruh oleh perubahan yang drastis'),
(60, 'P60', 'Suka mendengarkan cerita orang lain tanpa menghakimi');

-- --------------------------------------------------------

--
-- Struktur dari tabel `users`
--

CREATE TABLE `users` (
  `id` int(11) NOT NULL,
  `username` varchar(50) DEFAULT NULL,
  `nama_lengkap` varchar(128) DEFAULT NULL,
  `tgl_lahir` date DEFAULT NULL,
  `jenis_kelamin` enum('Laki-Laki','Perempuan') DEFAULT NULL,
  `email` varchar(50) DEFAULT NULL,
  `telepon` varchar(15) DEFAULT NULL,
  `alamat` text DEFAULT NULL,
  `foto` varchar(50) DEFAULT NULL,
  `password` varchar(255) DEFAULT NULL,
  `level` enum('Administrator','Siswa') DEFAULT NULL,
  `status` enum('Aktif','Tidak Aktif') DEFAULT NULL,
  `tanggal_dibuat` datetime DEFAULT current_timestamp()
) ENGINE=MyISAM DEFAULT CHARSET=latin1 COLLATE=latin1_swedish_ci;

--
-- Dumping data untuk tabel `users`
--

INSERT INTO `users` (`id`, `username`, `nama_lengkap`, `tgl_lahir`, `jenis_kelamin`, `email`, `telepon`, `alamat`, `foto`, `password`, `level`, `status`, `tanggal_dibuat`) VALUES
(25, 'admin', 'naufal', '2001-07-05', 'Laki-Laki', 'gugu@gmail.com', NULL, 'ada aja', 'c73509d2cb73321e9b4dee185625f29b.png', '$2y$10$a4ECSJMY9.xjufCxJ7GnGO4duypMttFDSfWSM7PmXhDyM/gDeDi9q', 'Administrator', 'Aktif', '2023-12-20 22:40:11'),
(23, 'Oosaka', 'Oosaka', '2008-02-18', 'Laki-Laki', 'dorioosaka@gmail.com', NULL, 'Rumah', '1a9af19e0a2b6e5126d0224cd4055081.png', '$2y$10$wBZW96g.0N9pIspJnddRl.OVQFvU3AOomdKvqk/v5W/8J7op5YJk2', 'Siswa', 'Aktif', '2023-12-20 20:21:48'),
(27, 'ahmadveril', 'Ahmad Veril Nurjaya', '2006-01-25', 'Laki-Laki', 'ahmadveril224@gmail.com', '08990121865', 'Kp. Bulak Nangka', '', '$2y$10$jTohcXFnHyRXXrTjdA6creN9Ke.htSZW6bIdlXhCFei1YVenoGwoq', 'Siswa', 'Aktif', '2024-01-29 12:54:33'),
(28, 'alsebagas', 'Alse Bagas Fardana\r\n', '2006-04-26', 'Laki-Laki', NULL, '0895391312313', 'Perum Sudirman\r\n', NULL, '$2y$10$UkqDnAA5ua9PBviC9mwzQ.7WMYB4sJEtMC.Q4NnPiIbeCiLE.fqMS', 'Siswa', 'Aktif', '2024-01-29 13:06:31'),
(29, 'amelianingsih', 'Amelia Ningsih', '2006-07-16', 'Perempuan', NULL, '085883408637', 'SUKAMANAH\r\n', NULL, '$2y$10$tvvxw4GAcaSKkTT3PWR2eextC7aiheSEqMR.wp/bcDOaq1noNAteq', 'Siswa', 'Aktif', '2024-01-29 13:06:31'),
(30, 'asepmulyana', 'Asep Mulyana', '2006-01-22', 'Laki-Laki', NULL, '085773583563', 'Kp. Naringgul\r\n', NULL, '$2y$10$R8AIYJD7bRUYjijaZrurd.VkRfAu0BUxU03y47GYTMbAfomMQwr.e', 'Siswa', 'Aktif', '2024-01-29 18:01:08'),
(31, 'ayusekarwati', 'Ayu Sekarwati', '2005-12-08', 'Perempuan', NULL, NULL, 'Tipar Raya', NULL, '$2y$10$tszwzRDRPt306rnx0ipoeOy73aaABzcHsnxze7N/HHbxkLwmMtkPC', 'Siswa', 'Aktif', '2024-01-29 18:01:08'),
(32, 'dheasulistia', 'Dhea Sulistia\r\n', '2006-07-23', 'Perempuan', NULL, '08979523648', 'Rancabuaya', NULL, '$2y$10$Nr4z0CO8AZpoOlGSZ04m/evjy3KasCEG1At2jmLyM091mGGylDxi.', 'Siswa', 'Aktif', '2024-01-29 18:05:04'),
(33, 'ellarosita', 'ELLA ROSITA\r\n', '2006-06-03', 'Perempuan', NULL, '083138291206', 'Calung', NULL, '$2y$10$7F3XKOXXPqFdb7Ygm6RO/uc3QkQ8p2n8eoBH1MaJIogM6a/XfcFj6', 'Siswa', 'Aktif', '2024-01-29 18:05:04'),
(34, 'elviana', 'Elviana', '2006-05-17', 'Perempuan', NULL, NULL, 'Tipar Raya', NULL, '$2y$10$FEUGPU5R1CLyr41sHN5xxulnWaZpVCLQ2is7v8dn2tx3nYgFMYaXO', 'Siswa', 'Aktif', '2024-01-29 18:08:44'),
(35, 'fatimatuzahroh', 'Fatimatu Zahroh', '2006-08-30', 'Perempuan', NULL, NULL, 'Tipar Raya', NULL, '$2y$10$NZk5C6UJhjdgaU1RMROSu.9wx34cORZu/rUZlLVDQ/GHRH/YgOzga', 'Siswa', 'Aktif', '2024-01-29 18:08:44'),
(36, 'firmansyah', 'Firmansyah\r\n', '2006-04-14', 'Laki-Laki', NULL, NULL, 'Rancabuaya\r\n', NULL, '$2y$10$c6huXatCNZ9gxWpQrOCYPOKASv5M2i3OR/3IB4RVrvqMvaMJOqUGu', 'Siswa', 'Aktif', '2024-01-29 18:10:51'),
(37, 'galangaldyansyah', 'Galang Aldyansyah', '2006-02-19', 'Laki-Laki', NULL, NULL, 'Kutruk', NULL, '$2y$10$GSmqszGxgd4dtgv/HKIBau98ISD1SKqATy4wBkZKuMgzlSGz7uSIO', 'Siswa', 'Aktif', '2024-01-29 18:30:17'),
(38, 'hadiadriansyah', 'Hadi Adriansyah\r\n', '2006-01-09', 'Laki-Laki', NULL, '085697184933', 'Rancabuaya', NULL, '$2y$10$OEJ4d.TANsfYiUFpFXd/nuNukYYXIrO8DlctgThr4iV1LihsSslLO', 'Siswa', 'Aktif', '2024-01-29 18:30:17'),
(39, 'ilhammaulana', 'Ilham Maulana Aji\r\n', '2006-07-14', 'Laki-Laki', NULL, NULL, 'Tenjo\r\n', NULL, '$2y$10$ybtwFdXaPtwQBs1tCESwye4gjc8thnNUERIcH9NH.eHLPlAgXaz4q', 'Siswa', 'Aktif', '2024-01-29 18:33:54'),
(40, 'isnaeni', 'Isnaeni\r\n', '2005-10-04', 'Perempuan', NULL, NULL, 'SUKAMANAH', NULL, '$2y$10$/07I9NfVli6H0OFeW0IfquItXy.CzK6QASGv8VWAlobN1TjvVGxz6', 'Siswa', 'Aktif', '2024-01-29 18:33:54'),
(41, 'marshaberliana', 'Marsha Berliana Bilqis', '2006-08-14', 'Perempuan', NULL, '081294886539', 'PANGKALANJATI\r\n', NULL, '$2y$10$4.pfeyeTRkzFZnoywTSkPeCRNehTl7Txxv3B.gKokDdA2BXR1cpye', 'Siswa', 'Aktif', '2024-01-29 18:36:56'),
(42, 'melaniegrecia', 'Melanie Grecia Elmunir', '2006-05-29', 'Perempuan', NULL, '082111489086', 'Sodong', NULL, '$2y$10$bBe4E36mungYIkaji/Q/NuWGi7Et2BnXjmA9k9ZkvCUYQhiNiFLxq', 'Siswa', 'Aktif', '2024-01-29 18:36:56'),
(43, 'monalisafebrianti', 'MONALISA FEBRIANTI', '2006-06-23', 'Perempuan', NULL, NULL, 'CILAKU\r\n', NULL, '$2y$10$sNAw2KVOFq6pZdro./3fI.LzoOMCRzIFH3wWkEFljuASh5IGcHpby', 'Siswa', 'Aktif', '2024-01-29 18:41:18'),
(44, 'muhamadtaju', 'Muhamad Taju Athar\r\n', '2006-07-24', 'Laki-Laki', NULL, '085817329756', 'Bojong', NULL, '$2y$10$yImSyMt2N0XTf4qRzp32KOYBn.TQunPSG..PJKrAFyc6TU6F6GS6O', 'Siswa', 'Aktif', '2024-01-29 18:41:18'),
(45, 'abdullahghozali', 'Muhammad Abdullah Ghozali', '2006-06-21', 'Laki-Laki', NULL, NULL, 'Tenjo', NULL, '$2y$10$6U.rePUlSQGGvaFWpi9maOKtyn5Ab41pkwOZrOdW.yg4IKbiv7tFW', 'Siswa', 'Aktif', '2024-01-29 18:45:56'),
(46, 'muhammadfaidil', 'Muhammad Faidil Abizar\r\n', '2006-09-11', 'Laki-Laki', NULL, '089525552845', 'Daru Indah', NULL, '$2y$10$AgqBw9cGjiMTbq6h671z9uHXtkbpgYlLgRqrpXqXRlnSgwp8U9NaO', 'Siswa', 'Aktif', '2024-01-29 18:45:56');

-- --------------------------------------------------------

--
-- Stand-in struktur untuk tampilan `view_cf_h_e`
-- (Lihat di bawah untuk tampilan aktual)
--
CREATE TABLE `view_cf_h_e` (
`id_user` int(11)
,`diagnosa_id` varchar(10)
,`kode_kepribadian` varchar(10)
,`daftar_kepribadian` varchar(255)
,`kode_pernyataan` varchar(10)
,`daftar_pernyataan` varchar(255)
,`cf_expert` decimal(8,1)
,`cf_user` decimal(8,1)
,`cf_h_e` decimal(38,2)
,`created_at` datetime
);

-- --------------------------------------------------------

--
-- Stand-in struktur untuk tampilan `view_cf_user`
-- (Lihat di bawah untuk tampilan aktual)
--
CREATE TABLE `view_cf_user` (
`diagnosa_id` varchar(10)
,`kode_kepribadian` varchar(10)
);

-- --------------------------------------------------------

--
-- Struktur untuk view `view_cf_h_e`
--
DROP TABLE IF EXISTS `view_cf_h_e`;

CREATE ALGORITHM=UNDEFINED DEFINER=`root`@`localhost` SQL SECURITY DEFINER VIEW `view_cf_h_e`  AS SELECT `a`.`id_user` AS `id_user`, `a`.`diagnosa_id` AS `diagnosa_id`, `a`.`kode_kepribadian` AS `kode_kepribadian`, `c`.`daftar_kepribadian` AS `daftar_kepribadian`, `a`.`kode_pernyataan` AS `kode_pernyataan`, `b`.`daftar_pernyataan` AS `daftar_pernyataan`, `a`.`cf_expert` AS `cf_expert`, `a`.`cf_user` AS `cf_user`, `a`.`cf_h_e` AS `cf_h_e`, `a`.`created_at` AS `created_at` FROM (((select `a`.`id_user` AS `id_user`,`a`.`diagnosa_id` AS `diagnosa_id`,`b`.`kode_kepribadian` AS `kode_kepribadian`,`a`.`kode_pernyataan` AS `kode_pernyataan`,`b`.`cf_pakar` AS `cf_expert`,`a`.`cf_user` AS `cf_user`,round(sum(`b`.`cf_pakar` * `a`.`cf_user`),2) AS `cf_h_e`,`a`.`created_at` AS `created_at` from (`diagnosa` `a` left join `pengetahuan` `b` on(`a`.`kode_pernyataan` = `b`.`kode_pernyataan`)) group by `a`.`diagnosa_id`,`a`.`kode_pernyataan`,`b`.`kode_kepribadian`) `a` left join `pernyataan` `b` on(`a`.`kode_pernyataan` = `b`.`kode_pernyataan`)) left join `kepribadian` `c` on(`a`.`kode_kepribadian` = `c`.`kode_kepribadian`)) ;

-- --------------------------------------------------------

--
-- Struktur untuk view `view_cf_user`
--
DROP TABLE IF EXISTS `view_cf_user`;

CREATE ALGORITHM=UNDEFINED DEFINER=`root`@`localhost` SQL SECURITY DEFINER VIEW `view_cf_user`  AS SELECT `view_cf_h_e`.`diagnosa_id` AS `diagnosa_id`, `view_cf_h_e`.`kode_kepribadian` AS `kode_kepribadian` FROM `view_cf_h_e` GROUP BY `view_cf_h_e`.`kode_kepribadian` ;

--
-- Indexes for dumped tables
--

--
-- Indeks untuk tabel `diagnosa`
--
ALTER TABLE `diagnosa`
  ADD PRIMARY KEY (`id`);

--
-- Indeks untuk tabel `karir`
--
ALTER TABLE `karir`
  ADD PRIMARY KEY (`id`);

--
-- Indeks untuk tabel `kepribadian`
--
ALTER TABLE `kepribadian`
  ADD PRIMARY KEY (`id`);

--
-- Indeks untuk tabel `kondisi`
--
ALTER TABLE `kondisi`
  ADD PRIMARY KEY (`id`);

--
-- Indeks untuk tabel `pengetahuan`
--
ALTER TABLE `pengetahuan`
  ADD PRIMARY KEY (`id`);

--
-- Indeks untuk tabel `pernyataan`
--
ALTER TABLE `pernyataan`
  ADD PRIMARY KEY (`id`);

--
-- Indeks untuk tabel `users`
--
ALTER TABLE `users`
  ADD PRIMARY KEY (`id`);

--
-- AUTO_INCREMENT untuk tabel yang dibuang
--

--
-- AUTO_INCREMENT untuk tabel `diagnosa`
--
ALTER TABLE `diagnosa`
  MODIFY `id` int(11) NOT NULL AUTO_INCREMENT, AUTO_INCREMENT=1400;

--
-- AUTO_INCREMENT untuk tabel `karir`
--
ALTER TABLE `karir`
  MODIFY `id` int(11) NOT NULL AUTO_INCREMENT, AUTO_INCREMENT=17;

--
-- AUTO_INCREMENT untuk tabel `kepribadian`
--
ALTER TABLE `kepribadian`
  MODIFY `id` int(11) NOT NULL AUTO_INCREMENT, AUTO_INCREMENT=12;

--
-- AUTO_INCREMENT untuk tabel `kondisi`
--
ALTER TABLE `kondisi`
  MODIFY `id` int(11) NOT NULL AUTO_INCREMENT, AUTO_INCREMENT=11;

--
-- AUTO_INCREMENT untuk tabel `pengetahuan`
--
ALTER TABLE `pengetahuan`
  MODIFY `id` int(11) NOT NULL AUTO_INCREMENT, AUTO_INCREMENT=77;

--
-- AUTO_INCREMENT untuk tabel `pernyataan`
--
ALTER TABLE `pernyataan`
  MODIFY `id` int(11) NOT NULL AUTO_INCREMENT, AUTO_INCREMENT=62;

--
-- AUTO_INCREMENT untuk tabel `users`
--
ALTER TABLE `users`
  MODIFY `id` int(11) NOT NULL AUTO_INCREMENT, AUTO_INCREMENT=47;
COMMIT;

/*!40101 SET CHARACTER_SET_CLIENT=@OLD_CHARACTER_SET_CLIENT */;
/*!40101 SET CHARACTER_SET_RESULTS=@OLD_CHARACTER_SET_RESULTS */;
/*!40101 SET COLLATION_CONNECTION=@OLD_COLLATION_CONNECTION */;
